-- phpMyAdmin SQL Dump
-- version 4.0.5
-- http://www.phpmyadmin.net
--
-- Host: localhost
-- Generation Time: Aug 14, 2013 at 06:29 AM
-- Server version: 5.6.13
-- PHP Version: 5.5.0

SET SQL_MODE = "NO_AUTO_VALUE_ON_ZERO";
SET time_zone = "+00:00";


/*!40101 SET @OLD_CHARACTER_SET_CLIENT=@@CHARACTER_SET_CLIENT */;
/*!40101 SET @OLD_CHARACTER_SET_RESULTS=@@CHARACTER_SET_RESULTS */;
/*!40101 SET @OLD_COLLATION_CONNECTION=@@COLLATION_CONNECTION */;
/*!40101 SET NAMES utf8 */;

--
-- Database: `Siftmode`
--
CREATE DATABASE IF NOT EXISTS `Siftmode` DEFAULT CHARACTER SET latin1 COLLATE latin1_swedish_ci;
USE `Siftmode`;

-- --------------------------------------------------------

--
-- Table structure for table `categories`
--

DROP TABLE IF EXISTS `categories`;
CREATE TABLE IF NOT EXISTS `categories` (
  `ID` int(11) NOT NULL AUTO_INCREMENT,
  `USER_ID` int(11) NOT NULL,
  `CATEGORY_NAME` varchar(50) NOT NULL,
  `COMMON_WORDS` text NOT NULL,
  `UPDATED_ON` timestamp NULL DEFAULT NULL,
  `CREATED_ON` timestamp NULL DEFAULT NULL,
  `LAST_RUN_ON` timestamp NULL DEFAULT NULL,
  PRIMARY KEY (`ID`),
  UNIQUE KEY `ID` (`ID`),
  KEY `ID_2` (`ID`,`CATEGORY_NAME`,`LAST_RUN_ON`)
) ENGINE=InnoDB  DEFAULT CHARSET=latin1 AUTO_INCREMENT=3 ;

--
-- Truncate table before insert `categories`
--

TRUNCATE TABLE `categories`;
--
-- Dumping data for table `categories`
--

INSERT INTO `categories` (`ID`, `USER_ID`, `CATEGORY_NAME`, `COMMON_WORDS`, `UPDATED_ON`, `CREATED_ON`, `LAST_RUN_ON`) VALUES
(2, 1, '0', 'according,article,come,during,from,full,have,more,nbsp,people,read,saying,says,than,that,video,with,what,whats,which,will,were,when,where', NULL, NULL, NULL);

-- --------------------------------------------------------

--
-- Table structure for table `feeds`
--

DROP TABLE IF EXISTS `feeds`;
CREATE TABLE IF NOT EXISTS `feeds` (
  `id` int(11) NOT NULL AUTO_INCREMENT,
  `user_id` int(11) NOT NULL,
  `category_id` int(11) NOT NULL,
  `feed_url` varchar(2048) NOT NULL,
  `save_articles` bit(1) DEFAULT b'0',
  `name` varchar(32) NOT NULL,
  `description` varchar(256) NOT NULL,
  `updated_on` timestamp NULL DEFAULT NULL,
  `created_on` timestamp NULL DEFAULT NULL,
  PRIMARY KEY (`id`),
  UNIQUE KEY `ID` (`id`)
) ENGINE=InnoDB  DEFAULT CHARSET=latin1 AUTO_INCREMENT=5 ;

--
-- Truncate table before insert `feeds`
--

TRUNCATE TABLE `feeds`;
--
-- Dumping data for table `feeds`
--

INSERT INTO `feeds` (`id`, `user_id`, `category_id`, `feed_url`, `save_articles`, `name`, `description`, `updated_on`, `created_on`) VALUES
(2, 1, 0, 'http://feeds.bbci.co.uk/news/world/rss.xml', b'0', 'bbc', '', NULL, NULL),
(3, 1, 0, 'http://rss.cnn.com/rss/cnn_world.rss', b'0', 'cnn', '', NULL, NULL),
(4, 1, 0, 'http://feeds.washingtonpost.com/rss/world', b'0', 'wpost', '', NULL, NULL);

-- --------------------------------------------------------

--
-- Table structure for table `posts`
--

DROP TABLE IF EXISTS `posts`;
CREATE TABLE IF NOT EXISTS `posts` (
  `id` int(11) NOT NULL AUTO_INCREMENT,
  `feed_id` int(11) NOT NULL,
  `link` text NOT NULL,
  `pubdate` timestamp NULL DEFAULT NULL,
  `title` text,
  `title_words` text,
  `description` text,
  `description_words` text,
  `article` text,
  `title_description_words` text,
  `updated_on` timestamp NULL DEFAULT NULL,
  `created_on` timestamp NULL DEFAULT NULL,
  PRIMARY KEY (`id`),
  UNIQUE KEY `id` (`id`),
  FULLTEXT KEY `title_description_words` (`title_description_words`)
) ENGINE=InnoDB  DEFAULT CHARSET=latin1 AUTO_INCREMENT=183 ;

--
-- Truncate table before insert `posts`
--

TRUNCATE TABLE `posts`;
--
-- Dumping data for table `posts`
--

INSERT INTO `posts` (`id`, `feed_id`, `link`, `pubdate`, `title`, `title_words`, `description`, `description_words`, `article`, `title_description_words`, `updated_on`, `created_on`) VALUES
(11, 2, 'http://www.bbc.co.uk/news/world-middle-east-23662651#sa-ns_mchannel=rss&amp;ns_source=PublicRSS20-sa', '2013-08-12 07:49:56', 'Morsi camps brace for crackdown', 'morsi,camps,brace,crackdown', 'Reports from Egypt say the authorities are planning to start breaking up the two sit-ins by supporters of ousted President Mohammed Morsi in Cairo.', 'reports,from,egypt,authorities,planning,start,breaking,supporters,ousted,president,mohammed,morsi,cairo', '', 'morsi,camps,brace,crackdown,reports,from,egypt,authorities,planning,start,breaking,supporters,ousted,president,mohammed,cairo', NULL, '2013-08-12 08:14:22'),
(12, 2, 'http://www.bbc.co.uk/news/world-middle-east-23662160#sa-ns_mchannel=rss&amp;ns_source=PublicRSS20-sa', '2013-08-12 02:45:28', 'Israel approves prisoner release', 'israel,approves,prisoner,release', 'Israel&#039;s government approves the release of 26 long-term Palestinian prisoners, as part of a deal which will see peace talks resume next week.', 'israel,government,approves,release,long,term,palestinian,prisoners,part,deal,which,will,peace,talks,resume,next,week', '', 'israel,approves,prisoner,release,government,long,term,palestinian,prisoners,part,deal,which,will,peace,talks,resume,next,week', NULL, '2013-08-12 08:14:22'),
(13, 2, 'http://www.bbc.co.uk/news/world-africa-23662524#sa-ns_mchannel=rss&amp;ns_source=PublicRSS20-sa', '2013-08-12 07:33:29', 'Mugabe to make post-election speech', 'mugabe,make,post,election,speech', 'Robert Mugabe is to deliver his first public speech since he won Zimbabwe&#039;s disputed presidential election at an event which his rivals are boycotting.', 'robert,mugabe,deliver,first,public,speech,since,zimbabwe,disputed,presidential,election,event,which,rivals,boycotting', '', 'mugabe,make,post,election,speech,robert,deliver,first,public,since,zimbabwe,disputed,presidential,event,which,rivals,boycotting', NULL, '2013-08-12 08:14:22'),
(14, 2, 'http://www.bbc.co.uk/news/business-23662630#sa-ns_mchannel=rss&amp;ns_source=PublicRSS20-sa', '2013-08-12 05:04:10', 'Japanese growth slower than expected', 'japanese,growth,slower,than,expected', 'Japan&#039;s economy expands at a slower pace than most analysts expected in the second quarter.', 'japan,economy,expands,slower,pace,than,most,analysts,expected,second,quarter', '', 'japanese,growth,slower,than,expected,japan,economy,expands,pace,most,analysts,second,quarter', NULL, '2013-08-12 08:14:22'),
(15, 2, 'http://www.bbc.co.uk/news/world-us-canada-23659661#sa-ns_mchannel=rss&amp;ns_source=PublicRSS20-sa', '2013-08-12 00:56:10', 'Father to visit Snowden in Russia', 'father,visit,snowden,russia', 'Lon Snowden, father of US intelligence leaker Edward Snowden, has got a Russian visa and will visit his son &quot;very soon&quot;, his lawyer says.', 'snowden,father,intelligence,leaker,edward,russian,visa,will,visit,very,soon,lawyer,says', '', 'father,visit,snowden,russia,intelligence,leaker,edward,russian,visa,will,very,soon,lawyer,says', NULL, '2013-08-12 08:14:22'),
(16, 2, 'http://www.bbc.co.uk/news/world-europe-23661557#sa-ns_mchannel=rss&amp;ns_source=PublicRSS20-sa', '2013-08-12 00:23:18', 'French serviceman &#039;in mosque plot&#039;', 'french,serviceman,mosque,plot', 'A French military serviceman is arrested in Lyon for allegedly planning an attack on a mosque, the interior ministry says.', 'french,military,serviceman,arrested,lyon,allegedly,planning,attack,mosque,interior,ministry,says', '', 'french,serviceman,mosque,plot,military,arrested,lyon,allegedly,planning,attack,interior,ministry,says', NULL, '2013-08-12 08:14:22'),
(17, 2, 'http://www.bbc.co.uk/news/world-europe-23656779#sa-ns_mchannel=rss&amp;ns_source=PublicRSS20-sa', '2013-08-11 19:39:01', 'Pope Francis reaches out to Muslims', 'pope,francis,reaches,muslims', 'Pope Francis urges Christians and Muslims to work together to promote mutual respect, as he greets Muslims around the world at the end of Ramadan.', 'pope,francis,urges,christians,muslims,work,together,promote,mutual,respect,greets,around,world,ramadan', '', 'pope,francis,reaches,muslims,urges,christians,work,together,promote,mutual,respect,greets,around,world,ramadan', NULL, '2013-08-12 08:14:22'),
(18, 2, 'http://www.bbc.co.uk/news/world-asia-23662733#sa-ns_mchannel=rss&amp;ns_source=PublicRSS20-sa', '2013-08-12 07:18:26', 'Typhoon Utor hits north Philippines', 'typhoon,utor,hits,north,philippines', 'A powerful typhoon brings heavy rain and high winds to the northern Philippines, leaving at least 23 fishermen missing.', 'powerful,typhoon,brings,heavy,rain,high,winds,northern,philippines,leaving,least,fishermen,missing', '', 'typhoon,utor,hits,north,philippines,powerful,brings,heavy,rain,high,winds,northern,leaving,least,fishermen,missing', NULL, '2013-08-12 08:14:22'),
(19, 2, 'http://www.bbc.co.uk/news/uk-23654590#sa-ns_mchannel=rss&amp;ns_source=PublicRSS20-sa', '2013-08-12 04:46:57', 'Warship to leave for Gibraltar visit', 'warship,leave,gibraltar,visit', 'Royal Navy warship HMS Westminster is due to leave the UK later for a &quot;routine&quot; visit to Gibraltar, amid tensions with Spain over border checks.', 'royal,navy,warship,westminster,leave,later,routine,visit,gibraltar,amid,tensions,with,spain,over,border,checks', '', 'warship,leave,gibraltar,visit,royal,navy,westminster,later,routine,amid,tensions,with,spain,over,border,checks', NULL, '2013-08-12 08:14:22'),
(20, 2, 'http://www.bbc.co.uk/news/world-latin-america-23662373#sa-ns_mchannel=rss&amp;ns_source=PublicRSS20-sa', '2013-08-12 04:19:23', 'Venezuela refinery fire extinguished', 'venezuela,refinery,fire,extinguished', 'The vice-president of the Venezuelan state oil company PDVSA says the blaze at one of the country&#039;s largest oil refineries has been extinguished.', 'vice,president,venezuelan,state,company,pdvsa,says,blaze,country,largest,refineries,been,extinguished', '', 'venezuela,refinery,fire,extinguished,vice,president,venezuelan,state,company,pdvsa,says,blaze,country,largest,refineries,been', NULL, '2013-08-12 08:14:22'),
(21, 2, 'http://www.bbc.co.uk/news/world-europe-23655675#sa-ns_mchannel=rss&amp;ns_source=PublicRSS20-sa', '2013-08-11 19:34:33', 'Norway PM works as secret cab driver', 'norway,works,secret,driver', 'Norway&#039;s PM Jens Stoltenberg spent a day working undercover as a taxi driver in Oslo, he reveals, saying he wanted to hear voters&#039; real views.', 'norway,jens,stoltenberg,spent,working,undercover,taxi,driver,oslo,reveals,saying,wanted,hear,voters,real,views', '', 'norway,works,secret,driver,jens,stoltenberg,spent,working,undercover,taxi,oslo,reveals,saying,wanted,hear,voters,real,views', NULL, '2013-08-12 08:14:22'),
(22, 2, 'http://www.bbc.co.uk/news/world-us-canada-23653467#sa-ns_mchannel=rss&amp;ns_source=PublicRSS20-sa', '2013-08-11 09:10:40', 'Funeral for brothers killed by snake', 'funeral,brothers,killed,snake', 'A funeral service in Canada hears tributes to the two young boys killed by a python as they slept at a friend&#039;s house above a pet shop.', 'funeral,service,canada,hears,tributes,young,boys,killed,python,they,slept,friend,house,above,shop', '', 'funeral,brothers,killed,snake,service,canada,hears,tributes,young,boys,python,they,slept,friend,house,above,shop', NULL, '2013-08-12 08:14:22'),
(23, 2, 'http://www.bbc.co.uk/news/world-latin-america-23653276#sa-ns_mchannel=rss&amp;ns_source=PublicRSS20-sa', '2013-08-11 02:49:20', 'Colombia peace talks &#039;make progress&#039;', 'colombia,peace,talks,make,progress', 'Colombia&#039;s chief negotiator in peace talks with the main rebel group, the Farc, says negotiations have made unprecedented progress.', 'colombia,chief,negotiator,peace,talks,with,main,rebel,group,farc,says,negotiations,have,made,unprecedented,progress', '', 'colombia,peace,talks,make,progress,chief,negotiator,with,main,rebel,group,farc,says,negotiations,have,made,unprecedented', NULL, '2013-08-12 08:14:22'),
(24, 2, 'http://www.bbc.co.uk/news/entertainment-arts-23653821#sa-ns_mchannel=rss&amp;ns_source=PublicRSS20-sa', '2013-08-11 05:07:39', '&#039;Bossa Nova&#039; singer Eydie Gorme dies', 'bossa,nova,singer,eydie,gorme,dies', 'Singer Eydie Gorme, who had a hit in 1963 with Blame It On The Bossa Nova, has died in Las Vegas aged 84, her publicist says.', 'singer,eydie,gorme,1963,with,blame,bossa,nova,died,vegas,aged,publicist,says', '', 'bossa,nova,singer,eydie,gorme,dies,1963,with,blame,died,vegas,aged,publicist,says', NULL, '2013-08-12 08:14:22'),
(25, 2, 'http://www.bbc.co.uk/news/uk-23653789#sa-ns_mchannel=rss&amp;ns_source=PublicRSS20-sa', '2013-08-11 18:55:43', 'UK aid seized by Somali militants', 'seized,somali,militants', 'Humanitarian aid worth &pound;480,000 - funded by UK taxpayers - was seized by al-Qaeda-linked militants in Somalia, the Department for International Development confirms.', 'humanitarian,worth,480000,funded,taxpayers,seized,qaeda,linked,militants,somalia,department,international,development,confirms', '', 'seized,somali,militants,humanitarian,worth,480000,funded,taxpayers,qaeda,linked,somalia,department,international,development,confirms', NULL, '2013-08-12 08:14:22'),
(26, 2, 'http://www.bbc.co.uk/news/world-africa-23653740#sa-ns_mchannel=rss&amp;ns_source=PublicRSS20-sa', '2013-08-11 22:52:53', 'Mali votes in presidential run-off', 'mali,votes,presidential', 'Polls have now closed in Mali in a presidential election run-off aimed at restoring democracy and stability after more than a year of turmoil.', 'polls,have,closed,mali,presidential,election,aimed,restoring,democracy,stability,after,more,than,year,turmoil', '', 'mali,votes,presidential,polls,have,closed,election,aimed,restoring,democracy,stability,after,more,than,year,turmoil', NULL, '2013-08-12 08:14:22'),
(27, 2, 'http://www.bbc.co.uk/news/world-asia-23654148#sa-ns_mchannel=rss&amp;ns_source=PublicRSS20-sa', '2013-08-11 15:00:49', 'Australian rivals clash in TV debate', 'australian,rivals,clash,debate', 'Australian PM Kevin Rudd and opposition leader Tony Abbott clash over the economy and immigration in the first televised debate of the election campaign.', 'australian,kevin,rudd,opposition,leader,tony,abbott,clash,over,economy,immigration,first,televised,debate,election,campaign', '', 'australian,rivals,clash,debate,kevin,rudd,opposition,leader,tony,abbott,over,economy,immigration,first,televised,election,campaign', NULL, '2013-08-12 08:14:22'),
(28, 2, 'http://www.bbc.co.uk/news/world-asia-23654354#sa-ns_mchannel=rss&amp;ns_source=PublicRSS20-sa', '2013-08-11 13:36:17', 'US man jailed in N Korea &#039;very ill&#039;', 'jailed,korea,very', 'US missionary Kenneth Bae, who was detained in North Korea last year, is very ill and has been moved from a labour camp to a hospital, his sister says.', 'missionary,kenneth,detained,north,korea,last,year,very,been,moved,from,labour,camp,hospital,sister,says', '', 'jailed,korea,very,missionary,kenneth,detained,north,last,year,been,moved,from,labour,camp,hospital,sister,says', NULL, '2013-08-12 08:14:22'),
(29, 2, 'http://www.bbc.co.uk/news/world-europe-23653493#sa-ns_mchannel=rss&amp;ns_source=PublicRSS20-sa', '2013-08-11 02:43:47', 'Riot at Greek migrant detention camp', 'riot,greek,migrant,detention,camp', 'Greek riot police are deployed to end a riot at a migrant detention facility north of the capital, Athens, in which stones were thrown at guards.', 'greek,riot,police,deployed,migrant,detention,facility,north,capital,athens,which,stones,were,thrown,guards', '', 'riot,greek,migrant,detention,camp,police,deployed,facility,north,capital,athens,which,stones,were,thrown,guards', NULL, '2013-08-12 08:14:22'),
(30, 2, 'http://www.bbc.co.uk/news/business-23654950#sa-ns_mchannel=rss&amp;ns_source=PublicRSS20-sa', '2013-08-11 21:18:07', 'France: No change to 2013 forecasts', 'france,change,2013,forecasts', 'France&#039;s finance minister denies that the eurozone&#039;s second-biggest country has revised down its economic prospects for 2013.', 'france,finance,minister,denies,that,eurozone,second,biggest,country,revised,down,economic,prospects,2013', '', 'france,change,2013,forecasts,finance,minister,denies,that,eurozone,second,biggest,country,revised,down,economic,prospects', NULL, '2013-08-12 08:14:22'),
(31, 2, 'http://www.bbc.co.uk/news/world-middle-east-23655421#sa-ns_mchannel=rss&amp;ns_source=PublicRSS20-sa', '2013-08-11 15:20:15', 'Gunmen attack gas plant in Yemen', 'gunmen,attack,plant,yemen', 'Suspected al-Qaeda militants kill five soldiers in an attack on a gas terminal in Yemen, as the US reopens diplomatic missions in the wider region.', 'suspected,qaeda,militants,kill,five,soldiers,attack,terminal,yemen,reopens,diplomatic,missions,wider,region', '', 'gunmen,attack,plant,yemen,suspected,qaeda,militants,kill,five,soldiers,terminal,reopens,diplomatic,missions,wider,region', NULL, '2013-08-12 08:14:22'),
(32, 2, 'http://www.bbc.co.uk/news/world-middle-east-23654134#sa-ns_mchannel=rss&amp;ns_source=PublicRSS20-sa', '2013-08-11 12:29:40', 'US condemns Iraq Eid attacks', 'condemns,iraq,attacks', 'The US condemns the latest bombings and shootings in Iraq in which more than 60 people were killed during celebrations marking the end of Ramadan.', 'condemns,latest,bombings,shootings,iraq,which,more,than,people,were,killed,during,celebrations,marking,ramadan', '', 'condemns,iraq,attacks,latest,bombings,shootings,which,more,than,people,were,killed,during,celebrations,marking,ramadan', NULL, '2013-08-12 08:14:22'),
(33, 2, 'http://www.bbc.co.uk/news/uk-politics-23662583#sa-ns_mchannel=rss&amp;ns_source=PublicRSS20-sa', '2013-08-12 07:18:18', 'PM urges UK to &#039;get behind fracking&#039;', 'urges,behind,fracking', 'The whole of the country must &quot;get behind fracking&quot;, which deserves &quot;real public support&quot; once its benefits are explained, says David Cameron.', 'whole,country,must,behind,fracking,which,deserves,real,public,support,once,benefits,explained,says,david,cameron', '', 'urges,behind,fracking,whole,country,must,which,deserves,real,public,support,once,benefits,explained,says,david,cameron', NULL, '2013-08-12 08:14:22'),
(34, 2, 'http://www.bbc.co.uk/news/uk-england-south-yorkshire-23662640#sa-ns_mchannel=rss&amp;ns_source=PublicRSS20-sa', '2013-08-12 05:47:42', 'New photo shows missing Erika, 13', 'photo,shows,missing,erika', 'Detectives searching for a 13-year-old girl missing from her home for nearly a week, release a new picture of her and renew their plea for information.', 'detectives,searching,year,girl,missing,from,home,nearly,week,release,picture,renew,their,plea,information', '', 'photo,shows,missing,erika,detectives,searching,year,girl,from,home,nearly,week,release,picture,renew,their,plea,information', NULL, '2013-08-12 08:14:22'),
(35, 2, 'http://www.bbc.co.uk/news/business-23655605#sa-ns_mchannel=rss&amp;ns_source=PublicRSS20-sa', '2013-08-11 21:14:01', 'UK wages drop among worst in Europe', 'wages,drop,among,worst,europe', 'Wages in the UK have seen one of the largest falls in the European Union during the economic downturn, according to official figures.', 'wages,have,seen,largest,falls,european,union,during,economic,downturn,according,official,figures', '', 'wages,drop,among,worst,europe,have,seen,largest,falls,european,union,during,economic,downturn,according,official,figures', NULL, '2013-08-12 08:14:22'),
(36, 2, 'http://www.bbc.co.uk/news/business-23654945#sa-ns_mchannel=rss&amp;ns_source=PublicRSS20-sa', '2013-08-11 13:46:14', 'Cable: RBS share sale five years off', 'cable,share,sale,five,years', 'The taxpayer&#039;s 81% stake in Royal Bank of Scotland will not be sold off in the next five years, according to Business Secretary Vince Cable.', 'taxpayer,stake,royal,bank,scotland,will,sold,next,five,years,according,business,secretary,vince,cable', '', 'cable,share,sale,five,years,taxpayer,stake,royal,bank,scotland,will,sold,next,according,business,secretary,vince', NULL, '2013-08-12 08:14:22'),
(37, 2, 'http://www.bbc.co.uk/sport/0/athletics/23658871', '2013-08-11 21:56:30', 'Bolt wins world 100m title in Moscow', 'bolt,wins,world,100m,title,moscow', 'Jamaica&#039;s Olympic champion Usain Bolt regains the 100m world title as he runs 9.77 seconds to win the final in Moscow.', 'jamaica,olympic,champion,usain,bolt,regains,100m,world,title,runs,seconds,final,moscow', '', 'bolt,wins,world,100m,title,moscow,jamaica,olympic,champion,usain,regains,runs,seconds,final', NULL, '2013-08-12 08:14:22'),
(38, 2, 'http://www.bbc.co.uk/sport/0/golf/23662410', '2013-08-12 03:07:07', 'Dufner delivers maiden major at US PGA', 'dufner,delivers,maiden,major', 'Jason Dufner holds his nerve to clinch his maiden major title with victory at the US PGA Championship at Oak Hill.', 'jason,dufner,holds,nerve,clinch,maiden,major,title,with,victory,championship,hill', '', 'dufner,delivers,maiden,major,jason,holds,nerve,clinch,title,with,victory,championship,hill', NULL, '2013-08-12 08:14:22'),
(39, 2, 'http://www.bbc.co.uk/sport/0/cricket/23659718', '2013-08-11 21:56:05', 'Bell century gives England edge', 'bell,century,gives,england,edge', 'Ian Bell&#039;s third century of the Ashes series helps England open up a lead of 202 in an engrossing fourth Test.', 'bell,third,century,ashes,series,helps,england,open,lead,engrossing,fourth,test', '', 'bell,century,gives,england,edge,third,ashes,series,helps,open,lead,engrossing,fourth,test', NULL, '2013-08-12 08:14:22'),
(40, 2, 'http://www.bbc.co.uk/news/world-middle-east-23660323#sa-ns_mchannel=rss&amp;ns_source=PublicRSS20-sa', '2013-08-12 05:15:07', 'VIDEO: Egypt protesters await military move', 'video,egypt,protesters,await,military,move', 'Thousands of protestors calling for the reinstatement of the ousted Egyptian President Mohammed Morsi appear to be preparing themselves for a move by the military to clear them from two huge sit-in camps in Cairo.', 'thousands,protestors,calling,reinstatement,ousted,egyptian,president,mohammed,morsi,appear,preparing,themselves,move,military,clear,them,from,huge,camps,cairo', '', 'video,egypt,protesters,await,military,move,thousands,protestors,calling,reinstatement,ousted,egyptian,president,mohammed,morsi,appear,preparing,themselves,clear,them,from,huge,camps,cairo', NULL, '2013-08-12 08:14:22'),
(41, 2, 'http://www.bbc.co.uk/news/world-africa-23662716#sa-ns_mchannel=rss&amp;ns_source=PublicRSS20-sa', '2013-08-12 07:39:32', 'VIDEO: Votes counted in Mali run-off poll', 'video,votes,counted,mali,poll', 'Votes are being counted in Mali&#039;s run-off election to decide who will be the country&#039;s next president.', 'votes,being,counted,mali,election,decide,will,country,next,president', '', 'video,votes,counted,mali,poll,being,election,decide,will,country,next,president', NULL, '2013-08-12 08:14:22'),
(42, 2, 'http://www.bbc.co.uk/news/world-asia-23662059#sa-ns_mchannel=rss&amp;ns_source=PublicRSS20-sa', '2013-08-12 05:37:19', 'VIDEO: Curfew follows Sri Lanka violence', 'video,curfew,follows,lanka,violence', 'A curfew is in place in part of the Sri Lankans capital, Colombo, following clashes between Buddhists and Muslims.', 'curfew,place,part,lankans,capital,colombo,following,clashes,between,buddhists,muslims', '', 'video,curfew,follows,lanka,violence,place,part,lankans,capital,colombo,following,clashes,between,buddhists,muslims', NULL, '2013-08-12 08:14:22'),
(43, 2, 'http://www.bbc.co.uk/news/world-europe-23662058#sa-ns_mchannel=rss&amp;ns_source=PublicRSS20-sa', '2013-08-12 01:51:25', 'VIDEO: &#039;Rancadore is a top Mafia boss&#039;', 'video,rancadore,mafia,boss', 'An Italian judge has told the BBC that a man arrested in Britain is one of the Mafia&#039;s &quot;top bosses&quot;.', 'italian,judge,told,that,arrested,britain,mafia,bosses', '', 'video,rancadore,mafia,boss,italian,judge,told,that,arrested,britain,bosses', NULL, '2013-08-12 08:14:22'),
(44, 2, 'http://www.bbc.co.uk/news/world-asia-23662478#sa-ns_mchannel=rss&amp;ns_source=PublicRSS20-sa', '2013-08-12 05:39:21', 'VIDEO: Deadly Indonesia volcano erupts', 'video,deadly,indonesia,volcano,erupts', 'Thousands of Indonesians are still waiting to find out when it will be safe for them to return home.', 'thousands,indonesians,still,waiting,find,when,will,safe,them,return,home', '', 'video,deadly,indonesia,volcano,erupts,thousands,indonesians,still,waiting,find,when,will,safe,them,return,home', NULL, '2013-08-12 08:14:22'),
(45, 2, 'http://www.bbc.co.uk/news/world-middle-east-23655390#sa-ns_mchannel=rss&amp;ns_source=PublicRSS20-sa', '2013-08-11 17:10:02', 'VIDEO: US condemns Iraq Eid attacks', 'video,condemns,iraq,attacks', 'The US condemns the latest bombings and shootings in Iraq in which more than 60 people were killed during celebrations marking the end of Ramadan.', 'condemns,latest,bombings,shootings,iraq,which,more,than,people,were,killed,during,celebrations,marking,ramadan', '', 'video,condemns,iraq,attacks,latest,bombings,shootings,which,more,than,people,were,killed,during,celebrations,marking,ramadan', NULL, '2013-08-12 08:14:22'),
(46, 2, 'http://www.bbc.co.uk/news/world-middle-east-23660320#sa-ns_mchannel=rss&amp;ns_source=PublicRSS20-sa', '2013-08-11 21:41:03', 'VIDEO: Afghanistan flash floods kill 22', 'video,afghanistan,flash,floods,kill', 'Flash floods in Afghanistan&#039;s Kabul province have killed 22 people, according to officials.', 'flash,floods,afghanistan,kabul,province,have,killed,people,according,officials', '', 'video,afghanistan,flash,floods,kill,kabul,province,have,killed,people,according,officials', NULL, '2013-08-12 08:14:22'),
(47, 2, 'http://www.bbc.co.uk/news/world-europe-23658420#sa-ns_mchannel=rss&amp;ns_source=PublicRSS20-sa', '2013-08-11 20:36:56', 'VIDEO: Fireworks display lights up Geneva', 'video,fireworks,display,lights,geneva', 'Hundreds of thousands of people have turned out to see a huge fireworks display in the Swiss city of Geneva.', 'hundreds,thousands,people,have,turned,huge,fireworks,display,swiss,city,geneva', '', 'video,fireworks,display,lights,geneva,hundreds,thousands,people,have,turned,huge,swiss,city', NULL, '2013-08-12 08:14:22'),
(48, 2, 'http://www.bbc.co.uk/news/10462520#sa-ns_mchannel=rss&amp;ns_source=PublicRSS20-sa', '2013-08-12 07:35:53', 'VIDEO: One-minute World News', 'video,minute,world,news', 'Watch the latest news summary from BBC World News. International news updated 24 hours a day.', 'watch,latest,news,summary,from,world,international,updated,hours', '', 'video,minute,world,news,watch,latest,summary,from,international,updated,hours', NULL, '2013-08-12 08:14:22'),
(49, 2, 'http://www.bbc.co.uk/news/magazine-23079269#sa-ns_mchannel=rss&amp;ns_source=PublicRSS20-sa', '2013-08-12 03:02:09', 'Swimming back to life', 'swimming,back,life', 'My swim back to life on transplanted lungs', 'swim,back,life,transplanted,lungs', '', 'swimming,back,life,swim,transplanted,lungs', NULL, '2013-08-12 08:14:22'),
(50, 2, 'http://www.bbc.co.uk/news/business-23469410#sa-ns_mchannel=rss&amp;ns_source=PublicRSS20-sa', '2013-08-12 03:00:35', 'Silicon Alley&#039;s first billionaire', 'silicon,alley,first,billionaire', 'How a photo website created Silicon Alley&#039;s first billionaire', 'photo,website,created,silicon,alley,first,billionaire', '', 'silicon,alley,first,billionaire,photo,website,created', NULL, '2013-08-12 08:14:22'),
(51, 2, 'http://www.bbc.co.uk/news/business-23661065#sa-ns_mchannel=rss&amp;ns_source=PublicRSS20-sa', '2013-08-12 03:00:29', 'Economy of a refugee camp', 'economy,refugee,camp', 'Explore Zaatari, the refugee camp with its own Champs Elysees', 'explore,zaatari,refugee,camp,with,champs,elysees', '', 'economy,refugee,camp,explore,zaatari,with,champs,elysees', NULL, '2013-08-12 08:14:22'),
(52, 2, 'http://www.bbc.co.uk/news/world-africa-23422038#sa-ns_mchannel=rss&amp;ns_source=PublicRSS20-sa', '2013-08-12 03:30:04', 'Fighting for DR Congo&#039;s cash cow to secede', 'fighting,congo,cash,secede', 'The separatists fighting for Katanga, DR Congo&#039;s cash cow', 'separatists,fighting,katanga,congo,cash', '', 'fighting,congo,cash,secede,separatists,katanga', NULL, '2013-08-12 08:14:22'),
(53, 2, 'http://www.bbc.co.uk/news/world-middle-east-23358139#sa-ns_mchannel=rss&amp;ns_source=PublicRSS20-sa', '2013-08-12 03:12:35', 'Bahraini detainee case highlights price of protest', 'bahraini,detainee,case,highlights,price,protest', 'Family of detained Bahraini demonstrator seeks answers', 'family,detained,bahraini,demonstrator,seeks,answers', '', 'bahraini,detainee,case,highlights,price,protest,family,detained,demonstrator,seeks,answers', NULL, '2013-08-12 08:14:22'),
(54, 2, 'http://www.bbc.co.uk/news/world-europe-23659196#sa-ns_mchannel=rss&amp;ns_source=PublicRSS20-sa', '2013-08-11 22:05:06', 'In the Cosa Nostra heartland of UK Mafia boss', 'cosa,nostra,heartland,mafia,boss', 'What Sicily remembers of the Mafia boss found in the UK', 'what,sicily,remembers,mafia,boss,found', '', 'cosa,nostra,heartland,mafia,boss,what,sicily,remembers,found', NULL, '2013-08-12 08:14:22'),
(55, 2, 'http://www.bbc.co.uk/news/magazine-23617888#sa-ns_mchannel=rss&amp;ns_source=PublicRSS20-sa', '2013-08-11 03:00:55', 'From little Gaza to chunky Australia', 'from,little,gaza,chunky,australia', 'Leaving Gaza for Australia, who wouldn&#039;t be obsessed with size?', 'leaving,gaza,australia,wouldn,obsessed,with,size', '', 'from,little,gaza,chunky,australia,leaving,wouldn,obsessed,with,size', NULL, '2013-08-12 08:14:22'),
(56, 4, 'http://feeds.washingtonpost.com/c/34656/f/636708/s/2fd58378/sc/38/l/0L0Swashingtonpost0N0Cworld0Cspanish0Estruggle0Eamid0Eunemployment0Ecrisis0C20A130C0A80C110C4e17466e0Eda630E11e20Eb4180E9dfa0A95e125d0Istory0Bhtml0Dwprss0Frss0Iworld/story01.htm', '2013-08-12 05:20:03', 'Spanish families struggle amid unemployment crisis', 'spanish,families,struggle,amid,unemployment,crisis', 'It was the start of the Spanish summer, and for a boy with ambitions to be the first in his family to go to college, here was the payoff for getting through chemistry and besting Mrs. Prieto&rsquo;s brutal English tests. The first day of the rest of his life. Read full article &amp;#62;&amp;#62;&amp;nbsp;&amp;nbsp;&amp;nbsp;&amp;nbsp;', 'start,spanish,summer,with,ambitions,first,family,college,here,payoff,getting,through,chemistry,besting,prieto,brutal,english,tests,rest,life,read,full,article,nbsp', '', 'spanish,families,struggle,amid,unemployment,crisis,start,summer,with,ambitions,first,family,college,here,payoff,getting,through,chemistry,besting,prieto,brutal,english,tests,rest,life,read,full,article,nbsp', NULL, '2013-08-12 08:14:24'),
(57, 4, 'http://feeds.washingtonpost.com/c/34656/f/636708/s/2fd468dd/sc/8/l/0L0Swashingtonpost0N0Cworld0Cmiddle0Ieast0Cpro0Emorsi0Eencampments0Efortify0Efor0Ebattle0C20A130C0A80C110Ce1f3e8460E0A2aa0E11e30Ea0A7f0E49ddc74171250Istory0Bhtml0Dwprss0Frss0Iworld/story01.htm', '2013-08-12 02:43:00', 'Pro-Morsi encampments fortify for battle', 'morsi,encampments,fortify,battle', 'CAIRO &mdash; Past the bouncy castle and the inflatable kiddie pool, past the potted plants, cashew vendors and signs welcoming visitors to come in peace to the protest rally and sit-in by supporters of Egypt&rsquo;s ousted president, security teams led by the Muslim Brotherhood were busy early Monday filling sandbags and erecting brick walls reinforced with rebar. Read full article &amp;#62;&amp;#62;&amp;nbsp;&amp;nbsp;&amp;nbsp;&amp;nbsp;', 'cairo,past,bouncy,castle,inflatable,kiddie,pool,potted,plants,cashew,vendors,signs,welcoming,visitors,come,peace,protest,rally,supporters,egypt,ousted,president,security,teams,muslim,brotherhood,were,busy,early,monday,filling,sandbags,erecting,brick,walls,reinforced,with,rebar,read,full,article,nbsp', '', 'morsi,encampments,fortify,battle,cairo,past,bouncy,castle,inflatable,kiddie,pool,potted,plants,cashew,vendors,signs,welcoming,visitors,come,peace,protest,rally,supporters,egypt,ousted,president,security,teams,muslim,brotherhood,were,busy,early,monday,filling,sandbags,erecting,brick,walls,reinforced,with,rebar,read,full,article,nbsp', NULL, '2013-08-12 08:14:24'),
(58, 4, 'http://feeds.washingtonpost.com/c/34656/f/636708/s/2fd49a5f/sc/2/l/0L0Swashingtonpost0N0Cworld0Cafrica0Cin0Econgo0Erising0Eviolence0Etriggers0Enew0Eun0Eunit0C20A130C0A80C110C29a38de40E0A29d0E11e30E92590Ee2aafe5a5f840Istory0Bhtml0Dwprss0Frss0Iworld/story01.htm', '2013-08-12 01:57:03', 'In Congo, rising violence triggers new U.N. unit', 'congo,rising,violence,triggers,unit', 'Since 1997, when U.S.-backed dictator Mobutu Sese Seko was toppled by a rebellion, Congo has been gripped by conflict and political tensions. The mineral-rich country, once known as Zaire, has plunged into the deadliest conflict in African history; more than 5 million people have lost their lives. The war officially ended in 2003, but violence and insecurity have continued to plague eastern Congo, despite the presence of the world&rsquo;s largestUnited Nations peacekeeping operation. Various rebel groups have sought to gain power and control over the nation&rsquo;s vast mineral wealth, which includes gold, diamonds and copper. Read full article &amp;#62;&amp;#62;&amp;nbsp;&amp;nbsp;&amp;nbsp;&amp;nbsp;', 'since,1997,when,backed,dictator,mobutu,sese,seko,toppled,rebellion,congo,been,gripped,conflict,political,tensions,mineral,rich,country,once,known,zaire,plunged,into,deadliest,african,history,more,than,million,people,have,lost,their,lives,officially,ended,2003,violence,insecurity,continued,plague,eastern,despite,presence,world,largestunited,nations,peacekeeping,operation,various,rebel,groups,sought,gain,power,control,over,nation,vast,wealth,which,includes,gold,diamonds,copper,read,full,article,nbsp', '', 'congo,rising,violence,triggers,unit,since,1997,when,backed,dictator,mobutu,sese,seko,toppled,rebellion,been,gripped,conflict,political,tensions,mineral,rich,country,once,known,zaire,plunged,into,deadliest,african,history,more,than,million,people,have,lost,their,lives,officially,ended,2003,insecurity,continued,plague,eastern,despite,presence,world,largestunited,nations,peacekeeping,operation,various,rebel,groups,sought,gain,power,control,over,nation,vast,wealth,which,includes,gold,diamonds,copper,read,full,article,nbsp', NULL, '2013-08-12 08:14:24'),
(59, 4, 'http://feeds.washingtonpost.com/c/34656/f/636708/s/2fcd054f/sc/8/l/0L0Swashingtonpost0N0Cworld0Cus0Eadoptees0Evisit0Erussian0Ehomeland0C20A130C0A80C10A0Cc3d3e4a0A0E0A1cf0E11e30E82940E0Aee50A75b840Ad0Istory0Bhtml0Dwprss0Frss0Iworld/story01.htm', '2013-08-11 05:21:00', 'U.S. adoptees visit Russian homeland', 'adoptees,visit,russian,homeland', 'Dasha left as a 6-month-old Russian orphan, hospitalized since birth, beset by a variety of ailments. This summer she returned for a visit, a spunky sports-playing 10-year-old now named Emily, as American as can be, down to the pink polish on her toenails. Read full article &amp;#62;&amp;#62;&amp;nbsp;&amp;nbsp;&amp;nbsp;&amp;nbsp;', 'dasha,left,month,russian,orphan,hospitalized,since,birth,beset,variety,ailments,this,summer,returned,visit,spunky,sports,playing,year,named,emily,american,down,pink,polish,toenails,read,full,article,nbsp', '', 'adoptees,visit,russian,homeland,dasha,left,month,orphan,hospitalized,since,birth,beset,variety,ailments,this,summer,returned,spunky,sports,playing,year,named,emily,american,down,pink,polish,toenails,read,full,article,nbsp', NULL, '2013-08-12 08:14:24'),
(60, 4, 'http://feeds.washingtonpost.com/c/34656/f/636708/s/2fce330b/sc/20/l/0L0Swashingtonpost0N0Cworld0Cmilitant0Egroup0Ein0Esinai0Eaccuses0Eisrael0Eof0Edeadly0Edrone0Estrike0C20A130C0A80C10A0C21ff7340A0E0A20A30E11e30E82940E0Aee50A75b840Ad0Istory0Bhtml0Dwprss0Frss0Iworld/story01.htm', '2013-08-11 04:59:16', 'Militant group in Sinai accuses Israel of deadly drone strike', 'militant,group,sinai,accuses,israel,deadly,drone,strike', 'CAIRO &mdash; A militant organization with alleged links to al-Qaeda announced Saturday that four of its members &mdash; &ldquo;the best jihadists in Sinai&rdquo; &mdash; were killed in a mysterious explosion along Egypt&rsquo;s border with Israel on Friday. Read full article &amp;#62;&amp;#62;&amp;nbsp;&amp;nbsp;&amp;nbsp;&amp;nbsp;', 'cairo,militant,organization,with,alleged,links,qaeda,announced,saturday,that,four,members,best,jihadists,sinai,were,killed,mysterious,explosion,along,egypt,border,israel,friday,read,full,article,nbsp', '', 'militant,group,sinai,accuses,israel,deadly,drone,strike,cairo,organization,with,alleged,links,qaeda,announced,saturday,that,four,members,best,jihadists,were,killed,mysterious,explosion,along,egypt,border,friday,read,full,article,nbsp', NULL, '2013-08-12 08:14:24'),
(61, 4, 'http://feeds.washingtonpost.com/c/34656/f/636708/s/2fcdca67/sc/8/l/0L0Swashingtonpost0N0Cworld0Cnational0Esecurity0Cwith0Elure0Eof0Ereligion0Eclasses0Eiran0Eseeks0Eto0Erecruit0Elatin0Eamericans0C20A130C0A80C10A0C8e3592c60Ef6260E11e20E94340E60A440A856fadf0Istory0Bhtml0Dwprss0Frss0Iworld/story01.htm', '2013-08-11 04:02:39', 'With lure of religious classes, Iran seeks to recruit Latin Americans', 'with,lure,religious,classes,iran,seeks,recruit,latin,americans', 'The Mexican law student was surprised by how easy it was to get into Iran two years ago. By merely asking questions about Islam at a party, he managed to pique the interest of Iran&rsquo;s top diplomat in Mexico. Months later, he had a plane ticket and a scholarship to a mysterious school in Iran as a guest of the Islamic Republic. Read full article &amp;#62;&amp;#62;&amp;nbsp;&amp;nbsp;&amp;nbsp;&amp;nbsp;', 'mexican,student,surprised,easy,into,iran,years,merely,asking,questions,about,islam,party,managed,pique,interest,diplomat,mexico,months,later,plane,ticket,scholarship,mysterious,school,guest,islamic,republic,read,full,article,nbsp', '', 'with,lure,religious,classes,iran,seeks,recruit,latin,americans,mexican,student,surprised,easy,into,years,merely,asking,questions,about,islam,party,managed,pique,interest,diplomat,mexico,months,later,plane,ticket,scholarship,mysterious,school,guest,islamic,republic,read,full,article,nbsp', NULL, '2013-08-12 08:14:24'),
(62, 2, 'http://www.bbc.co.uk/news/world-us-canada-23671354#sa-ns_mchannel=rss&amp;ns_source=PublicRSS20-sa', '2013-08-13 00:53:25', 'US eyes criminal justice shake-up', 'eyes,criminal,justice,shake', 'The Obama administration unveils major changes to the criminal justice system, dropping mandatory minimum sentences in certain drug cases.', 'obama,administration,unveils,major,changes,criminal,justice,system,dropping,mandatory,minimum,sentences,certain,drug,cases', '', 'eyes,criminal,justice,shake,obama,administration,unveils,major,changes,system,dropping,mandatory,minimum,sentences,certain,drug,cases', NULL, '2013-08-13 03:39:43'),
(63, 2, 'http://www.bbc.co.uk/news/world-middle-east-23677488#sa-ns_mchannel=rss&amp;ns_source=PublicRSS20-sa', '2013-08-13 02:41:28', 'Kerry hopeful on Middle East talks', 'kerry,hopeful,middle,east,talks', 'US Secretary of State John Kerry urges Palestinians &quot;not to react adversely&quot; to Israel&#039;s approval of new settlement homes days before peace talks resume.', 'secretary,state,john,kerry,urges,palestinians,react,adversely,israel,approval,settlement,homes,days,before,peace,talks,resume', '', 'kerry,hopeful,middle,east,talks,secretary,state,john,urges,palestinians,react,adversely,israel,approval,settlement,homes,days,before,peace,resume', NULL, '2013-08-13 03:39:43'),
(64, 2, 'http://www.bbc.co.uk/news/world-africa-23677124#sa-ns_mchannel=rss&amp;ns_source=PublicRSS20-sa', '2013-08-13 02:29:54', 'Keita wins Mali presidential poll', 'keita,wins,mali,presidential,poll', 'Ibrahim Boubacar Keita wins Mali&#039;s presidential election after rival Soumaila Cisse admits defeat in the second round.', 'ibrahim,boubacar,keita,wins,mali,presidential,election,after,rival,soumaila,cisse,admits,defeat,second,round', '', 'keita,wins,mali,presidential,poll,ibrahim,boubacar,election,after,rival,soumaila,cisse,admits,defeat,second,round', NULL, '2013-08-13 03:39:43'),
(65, 2, 'http://www.bbc.co.uk/news/world-africa-23676872#sa-ns_mchannel=rss&amp;ns_source=PublicRSS20-sa', '2013-08-13 01:11:51', 'Gunmen kill 44 at Nigeria mosque', 'gunmen,kill,nigeria,mosque', 'At least 44 worshippers have been shot dead at a mosque in northeast Nigeria, officials say.', 'least,worshippers,have,been,shot,dead,mosque,northeast,nigeria,officials', '', 'gunmen,kill,nigeria,mosque,least,worshippers,have,been,shot,dead,northeast,officials', NULL, '2013-08-13 03:39:43'),
(66, 2, 'http://www.bbc.co.uk/news/world-us-canada-23677205#sa-ns_mchannel=rss&amp;ns_source=PublicRSS20-sa', '2013-08-13 02:32:47', 'Musk unveils &#039;Hyperloop&#039; idea', 'musk,unveils,hyperloop,idea', 'US-based entrepreneur Elon Musk reveals details of his proposed supersonic &quot;Hyperloop&quot; transport system that would link Los Angeles and San Francisco.', 'based,entrepreneur,elon,musk,reveals,details,proposed,supersonic,hyperloop,transport,system,that,would,link,angeles,francisco', '', 'musk,unveils,hyperloop,idea,based,entrepreneur,elon,reveals,details,proposed,supersonic,transport,system,that,would,link,angeles,francisco', NULL, '2013-08-13 03:39:43'),
(67, 2, 'http://www.bbc.co.uk/news/world-us-canada-23676039#sa-ns_mchannel=rss&amp;ns_source=PublicRSS20-sa', '2013-08-13 00:15:19', 'US mob boss Bulger found guilty', 'boss,bulger,found,guilty', 'James &quot;Whitey&quot; Bulger, accused of being one of America&#039;s most notorious criminal kingpins, is found guilty of racketeering and conspiracy.', 'james,whitey,bulger,accused,being,america,most,notorious,criminal,kingpins,found,guilty,racketeering,conspiracy', '', 'boss,bulger,found,guilty,james,whitey,accused,being,america,most,notorious,criminal,kingpins,racketeering,conspiracy', NULL, '2013-08-13 03:39:43'),
(68, 2, 'http://www.bbc.co.uk/news/world-asia-china-23662909#sa-ns_mchannel=rss&amp;ns_source=PublicRSS20-sa', '2013-08-12 17:59:57', 'Drug firm bribes &#039;routine in China&#039;', 'drug,firm,bribes,routine,china', 'Bribes are routinely paid by foreign pharmaceutical firms in China to boost product sales, the BBC learns, as Beijing widens an inquiry into drugs-price fixing.', 'bribes,routinely,paid,foreign,pharmaceutical,firms,china,boost,product,sales,learns,beijing,widens,inquiry,into,drugs,price,fixing', '', 'drug,firm,bribes,routine,china,routinely,paid,foreign,pharmaceutical,firms,boost,product,sales,learns,beijing,widens,inquiry,into,drugs,price,fixing', NULL, '2013-08-13 03:39:43'),
(69, 2, 'http://www.bbc.co.uk/news/world-europe-23669317#sa-ns_mchannel=rss&amp;ns_source=PublicRSS20-sa', '2013-08-13 00:29:57', 'Dutch prince dies after year in coma', 'dutch,prince,dies,after,year,coma', 'Dutch Prince Johan Friso has died after a year and a half in a coma following an avalanche at an Austrian ski resort, officials say.', 'dutch,prince,johan,friso,died,after,year,half,coma,following,avalanche,austrian,resort,officials', '', 'dutch,prince,dies,after,year,coma,johan,friso,died,half,following,avalanche,austrian,resort,officials', NULL, '2013-08-13 03:39:43'),
(70, 2, 'http://www.bbc.co.uk/news/world-europe-23674661#sa-ns_mchannel=rss&amp;ns_source=PublicRSS20-sa', '2013-08-12 20:50:57', 'Russia seeks to calm Sochi gay fears', 'russia,seeks,calm,sochi,fears', 'Russian officials say gay athletes will not face discrimination in the Sochi winter Olympic games, despite a controversial new law on gay propaganda.', 'russian,officials,athletes,will,face,discrimination,sochi,winter,olympic,games,despite,controversial,propaganda', '', 'russia,seeks,calm,sochi,fears,russian,officials,athletes,will,face,discrimination,winter,olympic,games,despite,controversial,propaganda', NULL, '2013-08-13 03:39:43'),
(71, 2, 'http://www.bbc.co.uk/news/world-middle-east-23672091#sa-ns_mchannel=rss&amp;ns_source=PublicRSS20-sa', '2013-08-12 22:42:04', 'Deadly bomb attack hits Iraq cafe', 'deadly,bomb,attack,hits,iraq,cafe', 'A suicide bomb at a cafe in the central Iraq town of Balad leaves at least 16 people dead and wounds another 35, officials say.', 'suicide,bomb,cafe,central,iraq,town,balad,leaves,least,people,dead,wounds,another,officials', '', 'deadly,bomb,attack,hits,iraq,cafe,suicide,central,town,balad,leaves,least,people,dead,wounds,another,officials', NULL, '2013-08-13 03:39:43'),
(72, 2, 'http://www.bbc.co.uk/news/technology-23675327#sa-ns_mchannel=rss&amp;ns_source=PublicRSS20-sa', '2013-08-12 23:13:43', 'Norway blocks Apple map flights', 'norway,blocks,apple,flights', 'Apple is refused permission to take aerial photos over the city of Oslo to create 3D imagery for its map app.', 'apple,refused,permission,take,aerial,photos,over,city,oslo,create,imagery', '', 'norway,blocks,apple,flights,refused,permission,take,aerial,photos,over,city,oslo,create,imagery', NULL, '2013-08-13 03:39:43'),
(73, 2, 'http://www.bbc.co.uk/news/business-23669605#sa-ns_mchannel=rss&amp;ns_source=PublicRSS20-sa', '2013-08-12 22:31:54', 'Mexico opens oil sector to investment', 'mexico,opens,sector,investment', 'After 75 years, Mexico is opening up its nationalised oil sector to private investment in a bid to boost growth and fund new projects.', 'after,years,mexico,opening,nationalised,sector,private,investment,boost,growth,fund,projects', '', 'mexico,opens,sector,investment,after,years,opening,nationalised,private,boost,growth,fund,projects', NULL, '2013-08-13 03:39:43'),
(74, 2, 'http://www.bbc.co.uk/news/world-us-canada-23672901#sa-ns_mchannel=rss&amp;ns_source=PublicRSS20-sa', '2013-08-12 21:58:09', 'NY &#039;stop and frisk&#039; unconstitutional', 'stop,frisk,unconstitutional', 'New York City&#039;s police department deliberately violated the civil rights of thousands through its stop and frisk policy, a US judge rules.', 'york,city,police,department,deliberately,violated,civil,rights,thousands,through,stop,frisk,policy,judge,rules', '', 'stop,frisk,unconstitutional,york,city,police,department,deliberately,violated,civil,rights,thousands,through,policy,judge,rules', NULL, '2013-08-13 03:39:43'),
(75, 2, 'http://www.bbc.co.uk/news/world-africa-23662524#sa-ns_mchannel=rss&amp;ns_source=PublicRSS20-sa', '2013-08-12 18:13:37', 'Mugabe in stinging attack on rivals', 'mugabe,stinging,attack,rivals', 'Robert Mugabe launches an attack on opposition rivals, in his first public speech since winning Zimbabwe&#039;s disputed presidential election.', 'robert,mugabe,launches,attack,opposition,rivals,first,public,speech,since,winning,zimbabwe,disputed,presidential,election', '', 'mugabe,stinging,attack,rivals,robert,launches,opposition,first,public,speech,since,winning,zimbabwe,disputed,presidential,election', NULL, '2013-08-13 03:39:43'),
(76, 2, 'http://www.bbc.co.uk/news/world-middle-east-23662651#sa-ns_mchannel=rss&amp;ns_source=PublicRSS20-sa', '2013-08-12 19:01:32', 'Egypt delays Morsi camps crackdown', 'egypt,delays,morsi,camps,crackdown', 'The Egyptian authorities postpone plans to disperse two sit-ins by supporters of ousted president Mohammed Morsi in Cairo, officials say.', 'egyptian,authorities,postpone,plans,disperse,supporters,ousted,president,mohammed,morsi,cairo,officials', '', 'egypt,delays,morsi,camps,crackdown,egyptian,authorities,postpone,plans,disperse,supporters,ousted,president,mohammed,cairo,officials', NULL, '2013-08-13 03:39:43'),
(77, 2, 'http://www.bbc.co.uk/news/technology-23669003#sa-ns_mchannel=rss&amp;ns_source=PublicRSS20-sa', '2013-08-12 19:41:41', 'US agency &#039;surveillance leviathan&#039;', 'agency,surveillance,leviathan', 'A senior security researcher says documents suggesting the US government &quot;touches&quot; 1.6% of internet traffic in fact reveal the vast scale of snooping.', 'senior,security,researcher,says,documents,suggesting,government,touches,internet,traffic,fact,reveal,vast,scale,snooping', '', 'agency,surveillance,leviathan,senior,security,researcher,says,documents,suggesting,government,touches,internet,traffic,fact,reveal,vast,scale,snooping', NULL, '2013-08-13 03:39:43'),
(78, 2, 'http://www.bbc.co.uk/news/business-23670317#sa-ns_mchannel=rss&amp;ns_source=PublicRSS20-sa', '2013-08-13 01:16:44', 'Blackberry to explore sale of firm', 'blackberry,explore,sale,firm', 'Blackberry announces that it has formed a committee to explore options for the business, including a possible sale of the company.', 'blackberry,announces,that,formed,committee,explore,options,business,including,possible,sale,company', '', 'blackberry,explore,sale,firm,announces,that,formed,committee,options,business,including,possible,company', NULL, '2013-08-13 03:39:43'),
(79, 2, 'http://www.bbc.co.uk/news/world-europe-23664554#sa-ns_mchannel=rss&amp;ns_source=PublicRSS20-sa', '2013-08-12 15:51:53', 'Germans hunt rogue turtle in lake', 'germans,hunt,rogue,turtle,lake', 'Germans have drained a lake in a determined search for a turtle blamed for an attack on a young swimmer.', 'germans,have,drained,lake,determined,search,turtle,blamed,attack,young,swimmer', '', 'germans,hunt,rogue,turtle,lake,have,drained,determined,search,blamed,attack,young,swimmer', NULL, '2013-08-13 03:39:43'),
(80, 2, 'http://www.bbc.co.uk/news/world-us-canada-23665106#sa-ns_mchannel=rss&amp;ns_source=PublicRSS20-sa', '2013-08-12 20:15:09', 'US judge bars baby name Messiah', 'judge,bars,baby,name,messiah', 'A judge in the US reportedly orders a baby&#039;s name to be changed from Messiah to Martin, arguing that the only true messiah is Jesus Christ.', 'judge,reportedly,orders,baby,name,changed,from,messiah,martin,arguing,that,only,true,jesus,christ', '', 'judge,bars,baby,name,messiah,reportedly,orders,changed,from,martin,arguing,that,only,true,jesus,christ', NULL, '2013-08-13 03:39:43'),
(81, 2, 'http://www.bbc.co.uk/news/world-us-canada-23668885#sa-ns_mchannel=rss&amp;ns_source=PublicRSS20-sa', '2013-08-12 20:34:17', 'Sinkhole opens under Florida hotel', 'sinkhole,opens,under,florida,hotel', 'A hotel with dozens of residents near Disney World in Florida partially collapses into a sinkhole, the latest such incident in the state.', 'hotel,with,dozens,residents,near,disney,world,florida,partially,collapses,into,sinkhole,latest,such,incident,state', '', 'sinkhole,opens,under,florida,hotel,with,dozens,residents,near,disney,world,partially,collapses,into,latest,such,incident,state', NULL, '2013-08-13 03:39:43'),
(82, 2, 'http://www.bbc.co.uk/news/entertainment-arts-23664086#sa-ns_mchannel=rss&amp;ns_source=PublicRSS20-sa', '2013-08-12 12:54:45', 'Hollywood set for biggest summer', 'hollywood,biggest,summer', 'Hollywood is on course for its biggest ever summer box office, despite several high profile flops.', 'hollywood,course,biggest,ever,summer,office,despite,several,high,profile,flops', '', 'hollywood,biggest,summer,course,ever,office,despite,several,high,profile,flops', NULL, '2013-08-13 03:39:43'),
(83, 2, 'http://www.bbc.co.uk/news/world-latin-america-23665778#sa-ns_mchannel=rss&amp;ns_source=PublicRSS20-sa', '2013-08-12 19:50:24', 'Peru police kill Shining Path rebels', 'peru,police,kill,shining,path,rebels', 'Security forces in Peru kill three members of the Shining Path rebel group, including the number two of the Maoist group, officials say.', 'security,forces,peru,kill,three,members,shining,path,rebel,group,including,number,maoist,officials', '', 'peru,police,kill,shining,path,rebels,security,forces,three,members,rebel,group,including,number,maoist,officials', NULL, '2013-08-13 03:39:43'),
(84, 2, 'http://www.bbc.co.uk/news/world-africa-23670215#sa-ns_mchannel=rss&amp;ns_source=PublicRSS20-sa', '2013-08-12 21:00:35', 'Union leader shot dead at Marikana', 'union,leader,shot,dead,marikana', 'A female official from South Africa&#039;s National Union of Mineworkers is shot dead at the Marikana mine, where 34 strikers were killed a year ago, her colleagues say.', 'female,official,from,south,africa,national,union,mineworkers,shot,dead,marikana,mine,where,strikers,were,killed,year,colleagues', '', 'union,leader,shot,dead,marikana,female,official,from,south,africa,national,mineworkers,mine,where,strikers,were,killed,year,colleagues', NULL, '2013-08-13 03:39:43'),
(85, 2, 'http://www.bbc.co.uk/news/world-africa-23671810#sa-ns_mchannel=rss&amp;ns_source=PublicRSS20-sa', '2013-08-12 23:40:00', '&#039;Mass evictions&#039; from Nigeria slums', 'mass,evictions,from,nigeria,slums', 'Tens of thousands of Nigerians risk being evicted - and 9,000 already have been - as part of redevelopment plans in Lagos, Amnesty says.', 'tens,thousands,nigerians,risk,being,evicted,9000,already,have,been,part,redevelopment,plans,lagos,amnesty,says', '', 'mass,evictions,from,nigeria,slums,tens,thousands,nigerians,risk,being,evicted,9000,already,have,been,part,redevelopment,plans,lagos,amnesty,says', NULL, '2013-08-13 03:39:43'),
(86, 2, 'http://www.bbc.co.uk/news/world-asia-india-23662726#sa-ns_mchannel=rss&amp;ns_source=PublicRSS20-sa', '2013-08-12 11:04:07', 'India unveils aircraft carrier', 'india,unveils,aircraft,carrier', 'India unveils its first home-built aircraft carrier from a shipyard in southern Kerala state.', 'india,unveils,first,home,built,aircraft,carrier,from,shipyard,southern,kerala,state', '', 'india,unveils,aircraft,carrier,first,home,built,from,shipyard,southern,kerala,state', NULL, '2013-08-13 03:39:43'),
(87, 2, 'http://www.bbc.co.uk/news/world-asia-23662907#sa-ns_mchannel=rss&amp;ns_source=PublicRSS20-sa', '2013-08-12 12:05:27', 'Sri Lanka mosque closes after attack', 'lanka,mosque,closes,after,attack', 'A mosque in the Sri Lankan capital is abandoned after an attack by a Buddhist mob over the weekend sparked clashes in which five people were injured.', 'mosque,lankan,capital,abandoned,after,attack,buddhist,over,weekend,sparked,clashes,which,five,people,were,injured', '', 'lanka,mosque,closes,after,attack,lankan,capital,abandoned,buddhist,over,weekend,sparked,clashes,which,five,people,were,injured', NULL, '2013-08-13 03:39:43');
INSERT INTO `posts` (`id`, `feed_id`, `link`, `pubdate`, `title`, `title_words`, `description`, `description_words`, `article`, `title_description_words`, `updated_on`, `created_on`) VALUES
(88, 2, 'http://www.bbc.co.uk/news/uk-23668589#sa-ns_mchannel=rss&amp;ns_source=PublicRSS20-sa', '2013-08-12 20:28:45', 'UK &#039;considers&#039; Gibraltar legal move', 'considers,gibraltar,legal,move', 'The UK government is considering &quot;unprecedented&quot; legal action against Spain over additional checks at the Gibraltar border.', 'government,considering,unprecedented,legal,action,against,spain,over,additional,checks,gibraltar,border', '', 'considers,gibraltar,legal,move,government,considering,unprecedented,action,against,spain,over,additional,checks,border', NULL, '2013-08-13 03:39:43'),
(89, 2, 'http://www.bbc.co.uk/news/world-europe-23664226#sa-ns_mchannel=rss&amp;ns_source=PublicRSS20-sa', '2013-08-12 14:10:47', 'Nazi war crimes suspect Csatary dies', 'nazi,crimes,suspect,csatary,dies', 'Laszlo Csatary, a 98-year-old who topped the list of most wanted Nazi war crimes suspects, has died while awaiting trial, his lawyer says.', 'laszlo,csatary,year,topped,list,most,wanted,nazi,crimes,suspects,died,while,awaiting,trial,lawyer,says', '', 'nazi,crimes,suspect,csatary,dies,laszlo,year,topped,list,most,wanted,suspects,died,while,awaiting,trial,lawyer,says', NULL, '2013-08-13 03:39:43'),
(90, 2, 'http://www.bbc.co.uk/news/business-23668507#sa-ns_mchannel=rss&amp;ns_source=PublicRSS20-sa', '2013-08-13 03:02:16', 'Housing pick-up &#039;spreads across UK&#039;', 'housing,pick,spreads,across', 'Activity amongst home buyers is increasing fastest in parts of the country where prices have been depressed, an industry survey says.', 'activity,amongst,home,buyers,increasing,fastest,parts,country,where,prices,have,been,depressed,industry,survey,says', '', 'housing,pick,spreads,across,activity,amongst,home,buyers,increasing,fastest,parts,country,where,prices,have,been,depressed,industry,survey,says', NULL, '2013-08-13 03:39:43'),
(91, 2, 'http://www.bbc.co.uk/news/business-23677173#sa-ns_mchannel=rss&amp;ns_source=PublicRSS20-sa', '2013-08-13 03:02:42', 'Rail fare rises to be announced', 'rail,fare,rises,announced', 'Millions of commuters will find out how much regulated rail fares will increase next year when the latest inflation figures are published.', 'millions,commuters,will,find,much,regulated,rail,fares,increase,next,year,when,latest,inflation,figures,published', '', 'rail,fare,rises,announced,millions,commuters,will,find,much,regulated,fares,increase,next,year,when,latest,inflation,figures,published', NULL, '2013-08-13 03:39:43'),
(92, 2, 'http://www.bbc.co.uk/news/business-23676835#sa-ns_mchannel=rss&amp;ns_source=PublicRSS20-sa', '2013-08-13 00:52:53', 'Steinway receives new buyout offer', 'steinway,receives,buyout,offer', 'Steinway Music Instruments receives a new takeover offer valuing the company at $477m, beating a previous offer from Kohlberg &amp; Co.', 'steinway,music,instruments,receives,takeover,offer,valuing,company,477m,beating,previous,from,kohlberg', '', 'steinway,receives,buyout,offer,music,instruments,takeover,valuing,company,477m,beating,previous,from,kohlberg', NULL, '2013-08-13 03:39:43'),
(93, 2, 'http://www.bbc.co.uk/news/business-23674719#sa-ns_mchannel=rss&amp;ns_source=PublicRSS20-sa', '2013-08-12 23:22:04', 'Diageo paid former boss &pound;14.8m', 'diageo,paid,former,boss', 'The former chief executive of Diageo, Paul Walsh, earned &pound;14.8m in his final year at the drinks giant, according to the firm&#039;s annual report.', 'former,chief,executive,diageo,paul,walsh,earned,final,year,drinks,giant,according,firm,annual,report', '', 'diageo,paid,former,boss,chief,executive,paul,walsh,earned,final,year,drinks,giant,according,firm,annual,report', NULL, '2013-08-13 03:39:43'),
(94, 2, 'http://www.bbc.co.uk/sport/0/cricket/23674442', '2013-08-12 22:48:19', 'Broad stars as England win Ashes', 'broad,stars,england,ashes', 'An inspired spell from Stuart Broad catapults England to victory in the fourth Test and seals an Ashes series win.', 'inspired,spell,from,stuart,broad,catapults,england,victory,fourth,test,seals,ashes,series', '', 'broad,stars,england,ashes,inspired,spell,from,stuart,catapults,victory,fourth,test,seals,series', NULL, '2013-08-13 03:39:43'),
(95, 2, 'http://www.bbc.co.uk/sport/0/athletics/23672752', '2013-08-12 22:07:09', 'Ohuruogu snatches world 400m gold', 'ohuruogu,snatches,world,400m,gold', 'Christine Ohuruogu regains her 400m title in a photo finish to become the first British woman to win two world titles.', 'christine,ohuruogu,regains,400m,title,photo,finish,become,first,british,woman,world,titles', '', 'ohuruogu,snatches,world,400m,gold,christine,regains,title,photo,finish,become,first,british,woman,titles', NULL, '2013-08-13 03:39:43'),
(96, 2, 'http://www.bbc.co.uk/sport/0/athletics/23676528', '2013-08-13 00:29:21', 'Fraser-Pryce storms to 100m gold', 'fraser,pryce,storms,100m,gold', 'Jamaica&#039;s Shelly-Ann Fraser-Pryce delivers a comprehensive victory to recapture the world 100m title she last won in 2009.', 'jamaica,shelly,fraser,pryce,delivers,comprehensive,victory,recapture,world,100m,title,last,2009', '', 'fraser,pryce,storms,100m,gold,jamaica,shelly,delivers,comprehensive,victory,recapture,world,title,last,2009', NULL, '2013-08-13 03:39:43'),
(97, 2, 'http://www.bbc.co.uk/news/entertainment-arts-23666502#sa-ns_mchannel=rss&amp;ns_source=PublicRSS20-sa', '2013-08-12 17:22:05', 'Faster Pussycat! actress Haji dies', 'faster,pussycat,actress,haji,dies', 'The actress Haji, best known for her role in the 1965 Russ Meyer film Faster Pussycat! Kill! Kill! dies at the age of 67.', 'actress,haji,best,known,role,1965,russ,meyer,film,faster,pussycat,kill,dies', '', 'faster,pussycat,actress,haji,dies,best,known,role,1965,russ,meyer,film,kill', NULL, '2013-08-13 03:39:43'),
(98, 2, 'http://www.bbc.co.uk/news/entertainment-arts-23672639#sa-ns_mchannel=rss&amp;ns_source=PublicRSS20-sa', '2013-08-12 19:18:45', 'Herzog warns of texting and driving', 'herzog,warns,texting,driving', 'A new documentary by German director Werner Herzog warns of the dangers of texting and driving.', 'documentary,german,director,werner,herzog,warns,dangers,texting,driving', '', 'herzog,warns,texting,driving,documentary,german,director,werner,dangers', NULL, '2013-08-13 03:39:43'),
(99, 2, 'http://www.bbc.co.uk/news/entertainment-arts-23668198#sa-ns_mchannel=rss&amp;ns_source=PublicRSS20-sa', '2013-08-12 19:58:00', 'REM could release fan club singles', 'could,release,club,singles', 'REM&#039;s ultra-rare fan club singles could be released as a charity box set, guitarist Peter Buck tells the BBC.', 'ultra,rare,club,singles,could,released,charity,guitarist,peter,buck,tells', '', 'could,release,club,singles,ultra,rare,released,charity,guitarist,peter,buck,tells', NULL, '2013-08-13 03:39:43'),
(100, 2, 'http://www.bbc.co.uk/news/world-europe-23676465#sa-ns_mchannel=rss&amp;ns_source=PublicRSS20-sa', '2013-08-12 23:31:04', 'VIDEO: Dutch prince dies after 18 month coma', 'video,dutch,prince,dies,after,month,coma', 'Dutch Prince Johan Friso has died after a year and a half in a coma following an accident at an Austrian ski resort.', 'dutch,prince,johan,friso,died,after,year,half,coma,following,accident,austrian,resort', '', 'video,dutch,prince,dies,after,month,coma,johan,friso,died,year,half,following,accident,austrian,resort', NULL, '2013-08-13 03:39:43'),
(101, 2, 'http://www.bbc.co.uk/news/world-asia-india-23674627#sa-ns_mchannel=rss&amp;ns_source=PublicRSS20-sa', '2013-08-12 20:54:08', 'VIDEO: India joins aircraft carrier club', 'video,india,joins,aircraft,carrier,club', 'Only a few countries have ever designed and built their own aircraft carrier but India has joined that elite club. It has launched a new 37,500 tonne carrier, built in the state of Kerala.', 'only,countries,have,ever,designed,built,their,aircraft,carrier,india,joined,that,elite,club,launched,37500,tonne,state,kerala', '', 'video,india,joins,aircraft,carrier,club,only,countries,have,ever,designed,built,their,joined,that,elite,launched,37500,tonne,state,kerala', NULL, '2013-08-13 03:39:43'),
(102, 2, 'http://www.bbc.co.uk/news/science-environment-23675321#sa-ns_mchannel=rss&amp;ns_source=PublicRSS20-sa', '2013-08-13 01:17:49', 'VIDEO: Perseid meteor shower reaches peak', 'video,perseid,meteor,shower,reaches,peak', 'Sky gazers are preparing for the high point of the annual Perseid meteors, as the Earth&#039;s orbit takes it through a stream of dusty comet debris.', 'gazers,preparing,high,point,annual,perseid,meteors,earth,orbit,takes,through,stream,dusty,comet,debris', '', 'video,perseid,meteor,shower,reaches,peak,gazers,preparing,high,point,annual,meteors,earth,orbit,takes,through,stream,dusty,comet,debris', NULL, '2013-08-13 03:39:43'),
(103, 2, 'http://www.bbc.co.uk/news/world-latin-america-23666560#sa-ns_mchannel=rss&amp;ns_source=PublicRSS20-sa', '2013-08-12 16:52:17', 'VIDEO: &#039;Lightning&#039; blamed for Venezuela oil fire', 'video,lightning,blamed,venezuela,fire', 'Authorities say lightning was to blame for a fire breaking out at one of Venezuela&#039;s largest oil refineries on Sunday.', 'authorities,lightning,blame,fire,breaking,venezuela,largest,refineries,sunday', '', 'video,lightning,blamed,venezuela,fire,authorities,blame,breaking,largest,refineries,sunday', NULL, '2013-08-13 03:39:43'),
(104, 2, 'http://www.bbc.co.uk/news/world-africa-23677333#sa-ns_mchannel=rss&amp;ns_source=PublicRSS20-sa', '2013-08-13 01:08:07', 'VIDEO: Mugabe rejects &#039;stolen election&#039; claim', 'video,mugabe,rejects,stolen,election,claim', 'The newly re-elected president of Zimbabwe, Robert Mugabe, has brushed aside opposition claims that he stole the election.', 'newly,elected,president,zimbabwe,robert,mugabe,brushed,aside,opposition,claims,that,stole,election', '', 'video,mugabe,rejects,stolen,election,claim,newly,elected,president,zimbabwe,robert,brushed,aside,opposition,claims,that,stole', NULL, '2013-08-13 03:39:43'),
(105, 2, 'http://www.bbc.co.uk/news/world-europe-23662713#sa-ns_mchannel=rss&amp;ns_source=PublicRSS20-sa', '2013-08-12 09:08:52', 'VIDEO: Bikes versus cars at Rome&#039;s Colosseum', 'video,bikes,versus,cars,rome,colosseum', 'Traffic has been banned from parts of central Rome under a new plan to help protect key monuments.', 'traffic,been,banned,from,parts,central,rome,under,plan,help,protect,monuments', '', 'video,bikes,versus,cars,rome,colosseum,traffic,been,banned,from,parts,central,under,plan,help,protect,monuments', NULL, '2013-08-13 03:39:43'),
(106, 2, 'http://www.bbc.co.uk/news/world-asia-23668026#sa-ns_mchannel=rss&amp;ns_source=PublicRSS20-sa', '2013-08-12 15:48:26', 'VIDEO: Typhoon Utor largest of 2013', 'video,typhoon,utor,largest,2013', 'With gusts of 185km/h, Typhoon Utor has cut transport and communications links and is expected to move on to China.', 'with,gusts,185km,typhoon,utor,transport,communications,links,expected,move,china', '', 'video,typhoon,utor,largest,2013,with,gusts,185km,transport,communications,links,expected,move,china', NULL, '2013-08-13 03:39:43'),
(107, 2, 'http://www.bbc.co.uk/news/world-middle-east-23660323#sa-ns_mchannel=rss&amp;ns_source=PublicRSS20-sa', '2013-08-12 18:08:39', 'VIDEO: Egypt protesters await military move', 'video,egypt,protesters,await,military,move', 'In Egypt, thousands of protesters calling for the reinstatement of ousted President Mohammed Morsi appear to be preparing for the military to begin clearing their camps.', 'egypt,thousands,protesters,calling,reinstatement,ousted,president,mohammed,morsi,appear,preparing,military,begin,clearing,their,camps', '', 'video,egypt,protesters,await,military,move,thousands,calling,reinstatement,ousted,president,mohammed,morsi,appear,preparing,begin,clearing,their,camps', NULL, '2013-08-13 03:39:43'),
(108, 2, 'http://www.bbc.co.uk/news/10462520#sa-ns_mchannel=rss&amp;ns_source=PublicRSS20-sa', '2013-08-13 01:03:41', 'VIDEO: One-minute World News', 'video,minute,world,news', 'Watch the latest news summary from BBC World News. International news updated 24 hours a day.', 'watch,latest,news,summary,from,world,international,updated,hours', '', 'video,minute,world,news,watch,latest,summary,from,international,updated,hours', NULL, '2013-08-13 03:39:43'),
(109, 2, 'http://www.bbc.co.uk/news/magazine-23536914#sa-ns_mchannel=rss&amp;ns_source=PublicRSS20-sa', '2013-08-13 03:22:22', 'The light inventor who is poor but proud', 'light,inventor,poor,proud', 'The inventor who has changed a million lives and not made a penny', 'inventor,changed,million,lives,made,penny', '', 'light,inventor,poor,proud,changed,million,lives,made,penny', NULL, '2013-08-13 03:39:44'),
(110, 2, 'http://www.bbc.co.uk/news/world-middle-east-23666270#sa-ns_mchannel=rss&amp;ns_source=PublicRSS20-sa', '2013-08-12 15:35:39', 'Does Mid-East peace process matter?', 'does,east,peace,process,matter', 'Jonathan Marcus on why the Israeli-Palestinian talks matter', 'jonathan,marcus,israeli,palestinian,talks,matter', '', 'does,east,peace,process,matter,jonathan,marcus,israeli,palestinian,talks', NULL, '2013-08-13 03:39:44'),
(111, 2, 'http://www.bbc.co.uk/news/world-africa-23632845#sa-ns_mchannel=rss&amp;ns_source=PublicRSS20-sa', '2013-08-12 14:41:15', '20 minutes with &#039;big poppa&#039; Clinton', 'minutes,with,poppa,clinton', 'Bill Clinton aka &#039;big poppa&#039; on his work in Africa', 'bill,clinton,poppa,work,africa', '', 'minutes,with,poppa,clinton,bill,work,africa', NULL, '2013-08-13 03:39:44'),
(112, 3, 'http://rss.cnn.com/~r/rss/cnn_world/~3/S409iskw00s/index.html', '2013-08-12 15:55:01', 'Japan launches largest warship since WWII', 'japan,launches,largest,warship,since,wwii', 'Japan on Tuesday unveiled its largest warship since World War II, an 820-foot-long, 19,500-ton flattop capable of carrying 14 helicopters, according to media reports.\n    \n', 'japan,tuesday,unveiled,largest,warship,since,world,foot,long,19500,flattop,capable,carrying,helicopters,according,media,reports', '', 'japan,launches,largest,warship,since,wwii,tuesday,unveiled,world,foot,long,19500,flattop,capable,carrying,helicopters,according,media,reports', NULL, '2013-08-13 03:39:44'),
(113, 3, 'http://rss.cnn.com/~r/rss/cnn_world/~3/dpyyqcmoDqE/index.html', '2013-08-12 16:11:39', 'Flooding in Afghanistan kills at least 21', 'flooding,afghanistan,kills,least', 'Heavy rainfall and flooding in the Afghan capital is responsible for at least 21 deaths, officials said.\n    \n', 'heavy,rainfall,flooding,afghan,capital,responsible,least,deaths,officials,said', '', 'flooding,afghanistan,kills,least,heavy,rainfall,afghan,capital,responsible,deaths,officials,said', NULL, '2013-08-13 03:39:44'),
(114, 3, 'http://rss.cnn.com/~r/rss/cnn_world/~3/ma0EIwbm6Zg/index.html', '2013-08-12 16:12:18', 'Indonesian volcano erupts, killing 6', 'indonesian,volcano,erupts,killing', 'Six people, including two children, died Saturday morning after a volcano erupted on an island in south-central Indonesia on Saturday, government officials reported.\n    \n', 'people,including,children,died,saturday,morning,after,volcano,erupted,island,south,central,indonesia,government,officials,reported', '', 'indonesian,volcano,erupts,killing,people,including,children,died,saturday,morning,after,erupted,island,south,central,indonesia,government,officials,reported', NULL, '2013-08-13 03:39:44'),
(115, 3, 'http://rss.cnn.com/~r/rss/cnn_world/~3/gwP9ijVmS-0/index.html', '2013-08-12 18:47:50', 'Hidden North Korea', 'hidden,north,korea', 'CNN&#039;s Paula Hancocks recently traveled through the North Korean countryside, seeing a part of the nation that few outsiders ever have.\n    \n', 'paula,hancocks,recently,traveled,through,north,korean,countryside,seeing,part,nation,that,outsiders,ever,have', '', 'hidden,north,korea,paula,hancocks,recently,traveled,through,korean,countryside,seeing,part,nation,that,outsiders,ever,have', NULL, '2013-08-13 03:39:44'),
(116, 3, 'http://rss.cnn.com/~r/rss/cnn_world/~3/CImUjonEfy4/index.html', '2013-08-12 19:28:37', 'Muslims break fast in style', 'muslims,break,fast,style', 'From mountains of sweets to dancing in the streets, this is how to break the fast in style.\n    \n', 'from,mountains,sweets,dancing,streets,this,break,fast,style', '', 'muslims,break,fast,style,from,mountains,sweets,dancing,streets,this', NULL, '2013-08-13 03:39:44'),
(117, 3, 'http://rss.cnn.com/~r/rss/cnn_world/~3/USdEski3PS4/index.html', '2013-08-12 23:17:54', 'Iraq&#039;s deadliest month: Who&#039;s behind it?', 'iraq,deadliest,month,behind', 'CNN&#039;s Arwa Damon explores the tragic norm in Iraq: Violence few understand, fear that permeates every aspect of life, where even a simple action like taking children to eat ice cream can result in death.\n    \n', 'arwa,damon,explores,tragic,norm,iraq,violence,understand,fear,that,permeates,every,aspect,life,where,even,simple,action,like,taking,children,cream,result,death', '', 'iraq,deadliest,month,behind,arwa,damon,explores,tragic,norm,violence,understand,fear,that,permeates,every,aspect,life,where,even,simple,action,like,taking,children,cream,result,death', NULL, '2013-08-13 03:39:44'),
(118, 3, 'http://rss.cnn.com/~r/rss/cnn_world/~3/J87tbpGmAmU/index.html', '2013-08-12 18:47:34', 'Could crypt reveal face of &#039;Mona Lisa&#039; model?', 'could,crypt,reveal,face,mona,lisa,model', 'The exhumation of three bodies from a Florentine crypt may have brought Italian researchers a step closer to confirming the identity of the woman believed to be the subject of Leonardo da Vinci&#039;s famous &quot;Mona Lisa&quot; painting, also known as &quot;La Gioconda.&quot;\n    \n', 'exhumation,three,bodies,from,florentine,crypt,have,brought,italian,researchers,step,closer,confirming,identity,woman,believed,subject,leonardo,vinci,famous,mona,lisa,painting,also,known,gioconda', '', 'could,crypt,reveal,face,mona,lisa,model,exhumation,three,bodies,from,florentine,have,brought,italian,researchers,step,closer,confirming,identity,woman,believed,subject,leonardo,vinci,famous,painting,also,known,gioconda', NULL, '2013-08-13 03:39:44'),
(119, 3, 'http://rss.cnn.com/~r/rss/cnn_world/~3/-_pbqPQ2oJc/wbt-norway-pm-goes-undercover-in-taxi.cnn.html', '2013-08-12 19:28:09', 'Your driver is ... the prime minister', 'your,driver,prime,minister', 'Some taxi passengers in Norway were surprised to discover their driver was Prime Minister Jens Stoltenberg.\n    \n', 'some,taxi,passengers,norway,were,surprised,discover,their,driver,prime,minister,jens,stoltenberg', '', 'your,driver,prime,minister,some,taxi,passengers,norway,were,surprised,discover,their,jens,stoltenberg', NULL, '2013-08-13 03:39:44'),
(120, 3, 'http://rss.cnn.com/~r/rss/cnn_world/~3/hjHnrW_yuhQ/index.html', '2013-08-12 15:50:28', 'India unveils home-built aircraft carrier', 'india,unveils,home,built,aircraft,carrier', 'India launched a 37,500-ton indigenous aircraft carrier Monday in its bid to join a select group of nations capable of building such warships.\n    \n', 'india,launched,37500,indigenous,aircraft,carrier,monday,join,select,group,nations,capable,building,such,warships', '', 'india,unveils,home,built,aircraft,carrier,launched,37500,indigenous,monday,join,select,group,nations,capable,building,such,warships', NULL, '2013-08-13 03:39:44'),
(121, 3, 'http://rss.cnn.com/~r/rss/cnn_world/~3/z9HkW8GYlec/index.html', '2013-08-12 16:33:35', 'Twin babies &#039;sold,&#039; reunited with parents', 'twin,babies,sold,reunited,with,parents', 'Twin newborn girls allegedly stolen by a maternity doctor in a baby trafficking scandal in northwest China were returned to their parents over the weekend.\n    \n', 'twin,newborn,girls,allegedly,stolen,maternity,doctor,baby,trafficking,scandal,northwest,china,were,returned,their,parents,over,weekend', '', 'twin,babies,sold,reunited,with,parents,newborn,girls,allegedly,stolen,maternity,doctor,baby,trafficking,scandal,northwest,china,were,returned,their,over,weekend', NULL, '2013-08-13 03:39:44'),
(122, 3, 'http://rss.cnn.com/~r/rss/cnn_world/~3/x_zq-3-MenU/index.html', '2013-08-12 16:06:39', 'Bahrain expels U.S. teacher', 'bahrain,expels,teacher', 'Bahrain has deported an American teacher, saying that tweets and posts she made on websites incited &quot;hatred&quot; against the government and the royal family.\n    \n', 'bahrain,deported,american,teacher,saying,that,tweets,posts,made,websites,incited,hatred,against,government,royal,family', '', 'bahrain,expels,teacher,deported,american,saying,that,tweets,posts,made,websites,incited,hatred,against,government,royal,family', NULL, '2013-08-13 03:39:44'),
(123, 3, 'http://rss.cnn.com/~r/rss/cnn_world/~3/ae6HcK5QUsk/index.html', '2013-08-12 19:04:37', 'Aussie politician&#039;s gaffes go viral', 'aussie,politician,gaffes,viral', 'A candidate in Australia&#039;s parliamentary elections referred to Islam as a country. As a result, she&#039;s now referred to as a former candidate.\n    \n', 'candidate,australia,parliamentary,elections,referred,islam,country,result,former', '', 'aussie,politician,gaffes,viral,candidate,australia,parliamentary,elections,referred,islam,country,result,former', NULL, '2013-08-13 03:39:44'),
(124, 3, 'http://rss.cnn.com/~r/rss/cnn_world/~3/CFZBgQWXkOI/index.html', '2013-08-12 17:00:35', 'Egyptian sphinx found, not in Egypt', 'egyptian,sphinx,found,egypt', 'Tel Hazor in northern Israel has long been a treasure trove for archeologists, but a recent discovery of part of a 4,000-year-old Egyptian sphinx has been a most unexpected find.\n    \n', 'hazor,northern,israel,long,been,treasure,trove,archeologists,recent,discovery,part,4000,year,egyptian,sphinx,most,unexpected,find', '', 'egyptian,sphinx,found,egypt,hazor,northern,israel,long,been,treasure,trove,archeologists,recent,discovery,part,4000,year,most,unexpected,find', NULL, '2013-08-13 03:39:44'),
(125, 3, 'http://rss.cnn.com/~r/rss/cnn_world/~3/TbomHKyKraM/index.html', '2013-08-12 18:47:05', 'Dutch Prince Friso dies 17 months after avalanche', 'dutch,prince,friso,dies,months,after,avalanche', 'Dutch Prince Johan Friso died Monday, more than 17 months after he suffered a severe brain injury in an avalanche, the Dutch royal family announced on its website.\n    \n', 'dutch,prince,johan,friso,died,monday,more,than,months,after,suffered,severe,brain,injury,avalanche,royal,family,announced,website', '', 'dutch,prince,friso,dies,months,after,avalanche,johan,died,monday,more,than,suffered,severe,brain,injury,royal,family,announced,website', NULL, '2013-08-13 03:39:44'),
(126, 3, 'http://rss.cnn.com/~r/rss/cnn_world/~3/x_zq-3-MenU/index.html', '2013-08-12 15:35:18', 'Bahrain expels U.S. teacher, says she incited &#039;hatred&#039;', 'bahrain,expels,teacher,says,incited,hatred', 'Bahrain has deported an American teacher, saying that tweets and posts she made on websites incited &quot;hatred&quot; against the government and the royal family.\n    \n', 'bahrain,deported,american,teacher,saying,that,tweets,posts,made,websites,incited,hatred,against,government,royal,family', '', 'bahrain,expels,teacher,says,incited,hatred,deported,american,saying,that,tweets,posts,made,websites,against,government,royal,family', NULL, '2013-08-13 03:39:44'),
(127, 3, 'http://rss.cnn.com/~r/rss/cnn_world/~3/YWDXq7DMYJ8/index.html', '2013-08-12 16:00:51', 'Is a crackdown imminent in Egypt?', 'crackdown,imminent,egypt', 'At two massive makeshift camps that have been their home for six chaotic weeks, supporters of deposed Egyptian President Mohamed Morsy hunkered down Monday -- and waited.\n    \n', 'massive,makeshift,camps,that,have,been,their,home,chaotic,weeks,supporters,deposed,egyptian,president,mohamed,morsy,hunkered,down,monday,waited', '', 'crackdown,imminent,egypt,massive,makeshift,camps,that,have,been,their,home,chaotic,weeks,supporters,deposed,egyptian,president,mohamed,morsy,hunkered,down,monday,waited', NULL, '2013-08-13 03:39:44'),
(128, 3, 'http://rss.cnn.com/~r/rss/cnn_world/~3/rntAyO17rmY/index.html', '2013-08-12 15:54:23', 'Strongest storm of the year hits', 'strongest,storm,year,hits', 'The world&#039;s strongest storm of the year so far plowed across the Philippines on Monday, killing at least one person and leaving 20 fishermen missing.\n    \n', 'world,strongest,storm,year,plowed,across,philippines,monday,killing,least,person,leaving,fishermen,missing', '', 'strongest,storm,year,hits,world,plowed,across,philippines,monday,killing,least,person,leaving,fishermen,missing', NULL, '2013-08-13 03:39:44'),
(129, 3, 'http://rss.cnn.com/~r/rss/cnn_world/~3/brR70Ns-G7o/index.html', '2013-08-12 15:51:34', 'American imprisoned in North Korea moved to hospital', 'american,imprisoned,north,korea,moved,hospital', 'Kenneth Bae, the American citizen sentenced to 15 years in a North Korean labor camp, has been moved to a hospital after a serious deterioration in his health, his sister said.\n    \n', 'kenneth,american,citizen,sentenced,years,north,korean,labor,camp,been,moved,hospital,after,serious,deterioration,health,sister,said', '', 'american,imprisoned,north,korea,moved,hospital,kenneth,citizen,sentenced,years,korean,labor,camp,been,after,serious,deterioration,health,sister,said', NULL, '2013-08-13 03:39:45'),
(130, 3, 'http://rss.cnn.com/~r/rss/cnn_world/~3/z9HkW8GYlec/index.html', '2013-08-12 15:52:28', 'Twin babies &#039;sold&#039; by Chinese trafficking ring reunited with parents', 'twin,babies,sold,chinese,trafficking,ring,reunited,with,parents', 'Twin newborn girls allegedly stolen by a maternity doctor in a baby trafficking scandal in northwest China were returned to their parents over the weekend.\n    \n', 'twin,newborn,girls,allegedly,stolen,maternity,doctor,baby,trafficking,scandal,northwest,china,were,returned,their,parents,over,weekend', '', 'twin,babies,sold,chinese,trafficking,ring,reunited,with,parents,newborn,girls,allegedly,stolen,maternity,doctor,baby,scandal,northwest,china,were,returned,their,over,weekend', NULL, '2013-08-13 03:39:45'),
(131, 3, 'http://rss.cnn.com/~r/rss/cnn_world/~3/ae6HcK5QUsk/index.html', '2013-08-12 18:07:08', 'Australian politician&#039;s gaffes go viral', 'australian,politician,gaffes,viral', 'A candidate in Australia&#039;s parliamentary elections referred to Islam as a country. As a result, she&#039;s now referred to as a former candidate.\n    \n', 'candidate,australia,parliamentary,elections,referred,islam,country,result,former', '', 'australian,politician,gaffes,viral,candidate,australia,parliamentary,elections,referred,islam,country,result,former', NULL, '2013-08-13 03:39:45'),
(132, 3, 'http://rss.cnn.com/~r/rss/cnn_world/~3/A1XX-0ccAMk/index.html', '2013-08-12 16:10:12', 'Skinny-dippers warned of testicle-biting fish ', 'skinny,dippers,warned,testicle,biting,fish', 'Just when you thought it was safe to go back into the water, as the saying goes, male skinny-dippers in Scandinavia are being warned about a fish infamous for munching on testicles.\n    \n', 'just,when,thought,safe,back,into,water,saying,goes,male,skinny,dippers,scandinavia,being,warned,about,fish,infamous,munching,testicles', '', 'skinny,dippers,warned,testicle,biting,fish,just,when,thought,safe,back,into,water,saying,goes,male,scandinavia,being,about,infamous,munching,testicles', NULL, '2013-08-13 03:39:45'),
(133, 3, 'http://rss.cnn.com/~r/rss/cnn_world/~3/65L7acHd8Ww/index.html', '2013-08-12 18:45:46', 'Drug lord, DEA agent&#039;s alleged killer, ordered released', 'drug,lord,agent,alleged,killer,ordered,released', 'Rafael Caro Quintero, wanted in the U.S. for the torture and killing of DEA agent Enrique Camarena, has been ordered released from a Mexican prison because of procedural errors in his case.\n    \n', 'rafael,caro,quintero,wanted,torture,killing,agent,enrique,camarena,been,ordered,released,from,mexican,prison,because,procedural,errors,case', '', 'drug,lord,agent,alleged,killer,ordered,released,rafael,caro,quintero,wanted,torture,killing,enrique,camarena,been,from,mexican,prison,because,procedural,errors,case', NULL, '2013-08-13 03:39:45'),
(134, 3, 'http://rss.cnn.com/~r/rss/cnn_world/~3/IXNFyt5Trbg/index.html', '2013-08-12 16:14:36', 'Clashes in N. Ireland', 'clashes,ireland', 'Northern Ireland&#039;s top police officer on Saturday condemned violent clashes that left 56 of his officers injured as &quot;mindless anarchy&quot; -- and warned that many arrests will follow.\n    \n', 'northern,ireland,police,officer,saturday,condemned,violent,clashes,that,left,officers,injured,mindless,anarchy,warned,many,arrests,will,follow', '', 'clashes,ireland,northern,police,officer,saturday,condemned,violent,that,left,officers,injured,mindless,anarchy,warned,many,arrests,will,follow', NULL, '2013-08-13 03:39:45'),
(135, 3, 'http://rss.cnn.com/~r/rss/cnn_world/~3/TiEc8zu9OWM/index.html', '2013-08-12 16:18:04', 'Oprah racism row in Switzerland', 'oprah,racism,switzerland', 'Billionaire U.S. media mogul Oprah Winfrey says she was the victim of racism on a recent trip to Switzerland when a shop assistant refused to show her a handbag because it was &quot;too expensive.&quot;\n    \n', 'billionaire,media,mogul,oprah,winfrey,says,victim,racism,recent,trip,switzerland,when,shop,assistant,refused,show,handbag,because,expensive', '', 'oprah,racism,switzerland,billionaire,media,mogul,winfrey,says,victim,recent,trip,when,shop,assistant,refused,show,handbag,because,expensive', NULL, '2013-08-13 03:39:45'),
(136, 3, 'http://rss.cnn.com/~r/rss/cnn_world/~3/jGAi-UAHZ1c/index.html', '2013-08-12 16:12:36', '6 migrants drown while swimming to Italy', 'migrants,drown,while,swimming,italy', 'Six migrants drowned Saturday in the Mediterranean Sea while trying to swim to shore in Italy, police said.\n    \n', 'migrants,drowned,saturday,mediterranean,while,trying,swim,shore,italy,police,said', '', 'migrants,drown,while,swimming,italy,drowned,saturday,mediterranean,trying,swim,shore,police,said', NULL, '2013-08-13 03:39:45'),
(137, 3, 'http://rss.cnn.com/~r/rss/cnn_world/~3/irTdCFm9Q4Y/index.html', '2013-08-12 18:52:12', 'Refinery ablaze after lightning strike', 'refinery,ablaze,after,lightning,strike', 'Firefighters were battling a blaze at a Venezuelan refinery Sunday after a lightning strike, a top official in the country&#039;s state oil company said.\n    \n', 'firefighters,were,battling,blaze,venezuelan,refinery,sunday,after,lightning,strike,official,country,state,company,said', '', 'refinery,ablaze,after,lightning,strike,firefighters,were,battling,blaze,venezuelan,sunday,official,country,state,company,said', NULL, '2013-08-13 03:39:45'),
(138, 3, 'http://rss.cnn.com/~r/rss/cnn_world/~3/4MCnykY9q08/index.html', '2013-08-12 15:53:28', 'Police: Boys killed by python', 'police,boys,killed,python', 'Noah and Connor Barthe, the two boys apparently killed by a 100-pound African rock python in Canada, died from asphyxiation, according to preliminary autopsy results.\n    \n', 'noah,connor,barthe,boys,apparently,killed,pound,african,rock,python,canada,died,from,asphyxiation,according,preliminary,autopsy,results', '', 'police,boys,killed,python,noah,connor,barthe,apparently,pound,african,rock,canada,died,from,asphyxiation,according,preliminary,autopsy,results', NULL, '2013-08-13 03:39:45'),
(139, 3, 'http://rss.cnn.com/~r/rss/cnn_world/~3/YHnkQSSXEX0/index.html', '2013-08-12 15:55:53', 'Slew of drone strikes in Yemen', 'slew,drone,strikes,yemen', 'Drone strikes against militants in Yemen are intensifying as the U.S. Embassy there and in other Middle Eastern and African countries remain closed amid terrorism fears.\n    \n', 'drone,strikes,against,militants,yemen,intensifying,embassy,there,other,middle,eastern,african,countries,remain,closed,amid,terrorism,fears', '', 'slew,drone,strikes,yemen,against,militants,intensifying,embassy,there,other,middle,eastern,african,countries,remain,closed,amid,terrorism,fears', NULL, '2013-08-13 03:39:45'),
(140, 3, 'http://rss.cnn.com/~r/rss/cnn_world/~3/P7eXBiWAuc0/index.html', '2013-08-12 15:56:26', 'Gunmen kidnap airline pilots', 'gunmen,kidnap,airline,pilots', 'Gunmen stopped a bus near Beirut, Lebanon, in the early hours of Friday, boarded it and kidnapped two Turkish pilots, Turkey&#039;s foreign ministry said.\n    \n', 'gunmen,stopped,near,beirut,lebanon,early,hours,friday,boarded,kidnapped,turkish,pilots,turkey,foreign,ministry,said', '', 'gunmen,kidnap,airline,pilots,stopped,near,beirut,lebanon,early,hours,friday,boarded,kidnapped,turkish,turkey,foreign,ministry,said', NULL, '2013-08-13 03:39:45'),
(141, 3, 'http://rss.cnn.com/~r/rss/cnn_world/~3/mGF4mSXVCPg/index.html', '2013-08-12 15:55:13', 'Acid thrown on 2 volunteer teachers', 'acid,thrown,volunteer,teachers', 'Two British women were injured in an acid attack carried out by two men on a motorcycle on the east African island of Zanzibar, local police said Thursday.\n    \n', 'british,women,were,injured,acid,attack,carried,motorcycle,east,african,island,zanzibar,local,police,said,thursday', '', 'acid,thrown,volunteer,teachers,british,women,were,injured,attack,carried,motorcycle,east,african,island,zanzibar,local,police,said,thursday', NULL, '2013-08-13 03:39:45'),
(142, 3, 'http://rss.cnn.com/~r/rss/cnn_world/~3/qObhIZ96PbE/index.html', '2013-08-12 16:18:22', 'Mugabe&#039;s victory challenged ', 'mugabe,victory,challenged', 'The party of Zimbabwean Prime Minister Morgan Tsvangirai on Friday filed an appeal challenging last week&#039;s re-election of the nation&#039;s president.\n    \n', 'party,zimbabwean,prime,minister,morgan,tsvangirai,friday,filed,appeal,challenging,last,week,election,nation,president', '', 'mugabe,victory,challenged,party,zimbabwean,prime,minister,morgan,tsvangirai,friday,filed,appeal,challenging,last,week,election,nation,president', NULL, '2013-08-13 03:39:45'),
(143, 4, 'http://feeds.washingtonpost.com/c/34656/f/636708/s/2fddf728/sc/40/l/0L0Swashingtonpost0N0Cblogs0Cblogpost0Cpost0Cwhats0Ethe0Ematter0Ewith0Eegypts0Eliberals0C20A130C0A80C120C5c14de6c0E0A3890E11e30Ebfc50E40A6b92860A3b20Iblog0Bhtml0Dwprss0Frss0Iworld/story01.htm', '2013-08-12 23:57:08', 'What&#039;s the matter with Egypt&#039;s liberals?', 'what,matter,with,egypt,liberals', ' The narrative arc of Egypt&#039;s liberal movement, just two years ago a remarkable story of overcoming impossible odds and helping to oust President Hosni Mubarak, has since taken a turn toward tragedy of its most classical form. The hows and whys are complicated, but the movement&#039;s setbacks, at times self-inflicted, have been tougher to ignore since the July 3 coup that removed President Mohamed Morsi. Many of them have so enthusiastically embraced military rule and, at times, violence against Morsi&#039;s Muslim Brotherhood supporters that observers are wondering whether Egypt&#039;s liberals can still really be considered liberals. Read full article &amp;#62;&amp;#62;&amp;nbsp;&amp;nbsp;&amp;nbsp;&amp;nbsp;', 'narrative,egypt,liberal,movement,just,years,remarkable,story,overcoming,impossible,odds,helping,oust,president,hosni,mubarak,since,taken,turn,toward,tragedy,most,classical,form,hows,whys,complicated,setbacks,times,self,inflicted,have,been,tougher,ignore,july,coup,that,removed,mohamed,morsi,many,them,enthusiastically,embraced,military,rule,violence,against,muslim,brotherhood,supporters,observers,wondering,whether,liberals,still,really,considered,read,full,article,nbsp', '', 'what,matter,with,egypt,liberals,narrative,liberal,movement,just,years,remarkable,story,overcoming,impossible,odds,helping,oust,president,hosni,mubarak,since,taken,turn,toward,tragedy,most,classical,form,hows,whys,complicated,setbacks,times,self,inflicted,have,been,tougher,ignore,july,coup,that,removed,mohamed,morsi,many,them,enthusiastically,embraced,military,rule,violence,against,muslim,brotherhood,supporters,observers,wondering,whether,still,really,considered,read,full,article,nbsp', NULL, '2013-08-13 03:39:46'),
(144, 4, 'http://feeds.washingtonpost.com/c/34656/f/636708/s/2fde0244/sc/1/l/0L0Swashingtonpost0N0Cworld0Cmexican0Epresident0Eproposes0Ehistoric0Echanges0Eto0Estate0Eowned0Epemex0Eoil0Emonopoly0C20A130C0A80C120C7f848d4c0E0A380A0E11e30Ebfc50E40A6b92860A3b20Istory0Bhtml0Dwprss0Frss0Iworld/story01.htm', '2013-08-12 23:32:00', 'Mexican president proposes historic changes to state-owned Pemex oil monopoly', 'mexican,president,proposes,historic,changes,state,owned,pemex,monopoly', 'MEXICO CITY &mdash; Mexican President Enrique Pe&ntilde;a Nieto proposed historic changes to this nation&rsquo;s state-run energy sector Monday, cracking open the door for global oil giants such as Exxon Mobil and Shell to invest in this country&rsquo;s lethargic 75-year-old state oil monopoly, Pemex, the eighth-largest oil company in the world and a symbol of deep nationalist pride. Read full article &amp;#62;&amp;#62;&amp;nbsp;&amp;nbsp;&amp;nbsp;&amp;nbsp;', 'mexico,city,mexican,president,enrique,nieto,proposed,historic,changes,this,nation,state,energy,sector,monday,cracking,open,door,global,giants,such,exxon,mobil,shell,invest,country,lethargic,year,monopoly,pemex,eighth,largest,company,world,symbol,deep,nationalist,pride,read,full,article,nbsp', '', 'mexican,president,proposes,historic,changes,state,owned,pemex,monopoly,mexico,city,enrique,nieto,proposed,this,nation,energy,sector,monday,cracking,open,door,global,giants,such,exxon,mobil,shell,invest,country,lethargic,year,eighth,largest,company,world,symbol,deep,nationalist,pride,read,full,article,nbsp', NULL, '2013-08-13 03:39:46'),
(145, 4, 'http://feeds.washingtonpost.com/c/34656/f/636708/s/2fdd907e/sc/21/l/0L0Swashingtonpost0N0Cblogs0Cblogpost0Cpost0Cwikipedia0Elargely0Ealone0Ein0Edefying0Echinese0Eself0Ecensorship0Edemands0C20A130C0A80C120C1ab96c4c0E0A3770E11e30Ebfc50E40A6b92860A3b20Iblog0Bhtml0Dwprss0Frss0Iworld/story01.htm', '2013-08-12 21:46:27', 'Wikipedia largely alone in defying Chinese self-censorship demands', 'wikipedia,largely,alone,defying,chinese,self,censorship,demands', ' American Internet companies that want to operate in China generally have to play by Chinese rules. But Wikipedia co-founder Jimmy Wales told The Wall Street Journal this weekend that his site will never comply with government requests to restrict information in China -- making it one of only a handful of large American sites to do so. Read full article &amp;#62;&amp;#62;&amp;nbsp;&amp;nbsp;&amp;nbsp;&amp;nbsp;', 'american,internet,companies,that,want,operate,china,generally,have,play,chinese,rules,wikipedia,founder,jimmy,wales,told,wall,street,journal,this,weekend,site,will,never,comply,with,government,requests,restrict,information,making,only,handful,large,sites,read,full,article,nbsp', '', 'wikipedia,largely,alone,defying,chinese,self,censorship,demands,american,internet,companies,that,want,operate,china,generally,have,play,rules,founder,jimmy,wales,told,wall,street,journal,this,weekend,site,will,never,comply,with,government,requests,restrict,information,making,only,handful,large,sites,read,full,article,nbsp', NULL, '2013-08-13 03:39:46'),
(146, 4, 'http://feeds.washingtonpost.com/c/34656/f/636708/s/2fdd0fe4/sc/20/l/0L0Swashingtonpost0N0Cblogs0Cblogpost0Cpost0Cwhy0Eis0Eisrael0Eopening0Eup0Ethe0Esettlement0Efloodgates0Ejust0Eas0Epeace0Etalks0Estart0C20A130C0A80C120C35f6bef20E0A3710E11e30Ebfc50E40A6b92860A3b20Iblog0Bhtml0Dwprss0Frss0Iworld/story01.htm', '2013-08-12 21:04:18', 'Why is Israel &#039;opening up the settlement floodgates&#039; just as peace talks start?', 'israel,opening,settlement,floodgates,just,peace,talks,start', ' Israeli officials announced Sunday that they had approved 1,200 new settlement homes in the West Bank, outraging many Palestinians. The timing is especially conspicuous, just a few short weeks into the Israel-Palestine peace process relaunched by the Obama administration. Read full article &amp;#62;&amp;#62;&amp;nbsp;&amp;nbsp;&amp;nbsp;&amp;nbsp;', 'israeli,officials,announced,sunday,that,they,approved,1200,settlement,homes,west,bank,outraging,many,palestinians,timing,especially,conspicuous,just,short,weeks,into,israel,palestine,peace,process,relaunched,obama,administration,read,full,article,nbsp', '', 'israel,opening,settlement,floodgates,just,peace,talks,start,israeli,officials,announced,sunday,that,they,approved,1200,homes,west,bank,outraging,many,palestinians,timing,especially,conspicuous,short,weeks,into,palestine,process,relaunched,obama,administration,read,full,article,nbsp', NULL, '2013-08-13 03:39:46'),
(147, 4, 'http://feeds.washingtonpost.com/c/34656/f/636708/s/2fdd87b7/sc/20/l/0L0Swashingtonpost0N0Cworld0Cmiddle0Ieast0Cegyptian0Eliberals0Ecall0Efor0Ecrackdown0Eagainst0Epro0Emorsi0Esit0Eins0C20A130C0A80C120C986d7dce0E0A36b0E11e30Ebfc50E40A6b92860A3b20Istory0Bhtml0Dwprss0Frss0Iworld/story01.htm', '2013-08-12 20:59:00', 'Egyptian liberals call for crackdown against pro-Morsi sit-ins', 'egyptian,liberals,call,crackdown,against,morsi', ' As pressure mounts on Egypt&rsquo;s military-backed interim government to forcibly disperse supporters of ousted president Mohamed Morsi from their massive sit-ins, some of the loudest, most passionate voices calling for security forces to clear the encampments come from liberals here.  Read full article &amp;#62;&amp;#62;&amp;nbsp;&amp;nbsp;&amp;nbsp;&amp;nbsp;', 'pressure,mounts,egypt,military,backed,interim,government,forcibly,disperse,supporters,ousted,president,mohamed,morsi,from,their,massive,some,loudest,most,passionate,voices,calling,security,forces,clear,encampments,come,liberals,here,read,full,article,nbsp', '', 'egyptian,liberals,call,crackdown,against,morsi,pressure,mounts,egypt,military,backed,interim,government,forcibly,disperse,supporters,ousted,president,mohamed,from,their,massive,some,loudest,most,passionate,voices,calling,security,forces,clear,encampments,come,here,read,full,article,nbsp', NULL, '2013-08-13 03:39:46'),
(148, 4, 'http://feeds.washingtonpost.com/c/34656/f/636708/s/2fdc9e03/sc/4/l/0L0Swashingtonpost0N0Cblogs0Cblogpost0Cpost0C40A0Emaps0Ethat0Eexplain0Ethe0Eworld0C20A130C0A80C120C5775d2140E0A3640E11e30Ebfc50E40A6b92860A3b20Iblog0Bhtml0Dwprss0Frss0Iworld/story01.htm', '2013-08-12 19:32:13', '40 maps that explain the world', 'maps,that,explain,world', 'Maps can be a remarkably powerful tool for understanding the world and how it works, but they show only what you ask them to. So when we saw a post sweeping the Web titled &quot;40 maps they didn&#039;t teach you in school,&quot; one of which happens to be a WorldViews original, I thought we might be able to contribute our own collection. Some of these are pretty nerdy, but I think they&#039;re no less fascinating and easily understandable. A majority are original to this blog, with others from a variety of sources. I&#039;ve included a link for further reading on close to every one. Read full article &amp;#62;&amp;#62;&amp;nbsp;&amp;nbsp;&amp;nbsp;&amp;nbsp;', 'maps,remarkably,powerful,tool,understanding,world,works,they,show,only,what,them,when,post,sweeping,titled,didn,teach,school,which,happens,worldviews,original,thought,might,able,contribute,collection,some,these,pretty,nerdy,think,less,fascinating,easily,understandable,majority,this,blog,with,others,from,variety,sources,included,link,further,reading,close,every,read,full,article,nbsp', '', 'maps,that,explain,world,remarkably,powerful,tool,understanding,works,they,show,only,what,them,when,post,sweeping,titled,didn,teach,school,which,happens,worldviews,original,thought,might,able,contribute,collection,some,these,pretty,nerdy,think,less,fascinating,easily,understandable,majority,this,blog,with,others,from,variety,sources,included,link,further,reading,close,every,read,full,article,nbsp', NULL, '2013-08-13 03:39:46'),
(149, 4, 'http://feeds.washingtonpost.com/c/34656/f/636708/s/2fdbb474/sc/21/l/0L0Swashingtonpost0N0Cblogs0Cblogpost0Cpost0Ckim0Ejong0Eun0Einspects0Enorth0Ekoreas0Efirst0Eever0Esmartphone0Ean0Eandroid0Eclone0C20A130C0A80C120Cb26c5720A0E0A3540E11e30Ebfc50E40A6b92860A3b20Iblog0Bhtml0Dwprss0Frss0Iworld/story01.htm', '2013-08-12 17:40:09', 'Kim Jong Un inspects North Korea&#039;s first smartphone, an Android clone', 'jong,inspects,north,korea,first,smartphone,android,clone', ' North Korea has unveiled its new smartphone, the &quot;Arirang,&quot; an Android clone named after a famous Korean folk song that&#039;s also something of a national anthem. Leader Kim Jong Un visited the factory to inspect the phones to great fanfare, although cellphone data services are still illegal in the country, and the phone may not actually be made in North Korea at all. Read full article &amp;#62;&amp;#62;&amp;nbsp;&amp;nbsp;&amp;nbsp;&amp;nbsp;', 'north,korea,unveiled,smartphone,arirang,android,clone,named,after,famous,korean,folk,song,that,also,something,national,anthem,leader,jong,visited,factory,inspect,phones,great,fanfare,although,cellphone,data,services,still,illegal,country,phone,actually,made,read,full,article,nbsp', '', 'jong,inspects,north,korea,first,smartphone,android,clone,unveiled,arirang,named,after,famous,korean,folk,song,that,also,something,national,anthem,leader,visited,factory,inspect,phones,great,fanfare,although,cellphone,data,services,still,illegal,country,phone,actually,made,read,full,article,nbsp', NULL, '2013-08-13 03:39:46'),
(150, 4, 'http://feeds.washingtonpost.com/c/34656/f/636708/s/2fd58378/sc/38/l/0L0Swashingtonpost0N0Cworld0Cspanish0Estruggle0Eamid0Eunemployment0Ecrisis0C20A130C0A80C110C4e17466e0Eda630E11e20Eb4180E9dfa0A95e125d0Istory0Bhtml0Dwprss0Frss0Iworld/story01.htm', '2013-08-12 05:20:00', 'Spanish families struggle amid unemployment crisis', 'spanish,families,struggle,amid,unemployment,crisis', 'It was the start of the Spanish summer, and for a boy with ambitions to be the first in his family to go to college, here was the payoff for getting through chemistry and besting Mrs. Prieto&rsquo;s brutal English tests. The first day of the rest of his life. Read full article &amp;#62;&amp;#62;&amp;nbsp;&amp;nbsp;&amp;nbsp;&amp;nbsp;', 'start,spanish,summer,with,ambitions,first,family,college,here,payoff,getting,through,chemistry,besting,prieto,brutal,english,tests,rest,life,read,full,article,nbsp', '', 'spanish,families,struggle,amid,unemployment,crisis,start,summer,with,ambitions,first,family,college,here,payoff,getting,through,chemistry,besting,prieto,brutal,english,tests,rest,life,read,full,article,nbsp', NULL, '2013-08-13 03:39:46'),
(151, 2, 'http://www.bbc.co.uk/news/world-middle-east-23686235#sa-ns_mchannel=rss&amp;ns_source=PublicRSS20-sa', '2013-08-14 04:13:48', 'Israel frees Palestinian prisoners', 'israel,frees,palestinian,prisoners', 'Twenty-six Palestinian prisoners released by Israel arrive in the West Bank and Gaza, as part of a deal that will see peace talks resume on Wednesday.', 'twenty,palestinian,prisoners,released,israel,arrive,west,bank,gaza,part,deal,that,will,peace,talks,resume,wednesday', '', 'israel,frees,palestinian,prisoners,twenty,released,arrive,west,bank,gaza,part,deal,that,will,peace,talks,resume,wednesday', NULL, '2013-08-14 04:47:52'),
(152, 2, 'http://www.bbc.co.uk/news/world-us-canada-23687680#sa-ns_mchannel=rss&amp;ns_source=PublicRSS20-sa', '2013-08-13 22:02:59', 'US moves to block airlines merger', 'moves,block,airlines,merger', 'The US government files an anti-trust case against the merger of American Airlines and US Airways, which would create the world&#039;s largest carrier.', 'government,files,anti,trust,case,against,merger,american,airlines,airways,which,would,create,world,largest,carrier', '', 'moves,block,airlines,merger,government,files,anti,trust,case,against,american,airways,which,would,create,world,largest,carrier', NULL, '2013-08-14 04:47:52'),
(153, 2, 'http://www.bbc.co.uk/news/world-asia-23678723#sa-ns_mchannel=rss&amp;ns_source=PublicRSS20-sa', '2013-08-13 14:08:42', 'Japan town to scrap &#039;tsunami boat&#039;', 'japan,town,scrap,tsunami,boat', 'A Japanese town decides to scrap a marooned fishing boat which has become a symbol of the devastating 2011 tsunami, officials say.', 'japanese,town,decides,scrap,marooned,fishing,boat,which,become,symbol,devastating,2011,tsunami,officials', '', 'japan,town,scrap,tsunami,boat,japanese,decides,marooned,fishing,which,become,symbol,devastating,2011,officials', NULL, '2013-08-14 04:47:52'),
(154, 2, 'http://www.bbc.co.uk/news/world-middle-east-23685055#sa-ns_mchannel=rss&amp;ns_source=PublicRSS20-sa', '2013-08-14 02:49:53', 'Morsi supporters and opponents clash', 'morsi,supporters,opponents,clash', 'A person is killed in clashes between supporters and opponents of Egypt&#039;s ousted President Mohammed Morsi in the capital Cairo.', 'person,killed,clashes,between,supporters,opponents,egypt,ousted,president,mohammed,morsi,capital,cairo', '', 'morsi,supporters,opponents,clash,person,killed,clashes,between,egypt,ousted,president,mohammed,capital,cairo', NULL, '2013-08-14 04:47:52'),
(155, 2, 'http://www.bbc.co.uk/news/world-latin-america-23689836#sa-ns_mchannel=rss&amp;ns_source=PublicRSS20-sa', '2013-08-14 00:11:43', 'Samsung faces labour law allegations', 'samsung,faces,labour,allegations', 'Prosecutors in Brazil begin legal action against Samsung, alleging it forced employees to work in poor conditions at its plant in the Amazon region.', 'prosecutors,brazil,begin,legal,action,against,samsung,alleging,forced,employees,work,poor,conditions,plant,amazon,region', '', 'samsung,faces,labour,allegations,prosecutors,brazil,begin,legal,action,against,alleging,forced,employees,work,poor,conditions,plant,amazon,region', NULL, '2013-08-14 04:47:52'),
(156, 2, 'http://www.bbc.co.uk/news/world-us-canada-23686321#sa-ns_mchannel=rss&amp;ns_source=PublicRSS20-sa', '2013-08-13 20:40:30', 'Canada rail blast firm loses licence', 'canada,rail,blast,firm,loses,licence', 'Canada suspends the operating licence of the railway firm involved in last month&#039;s fuel train disaster at Lac-Megantic.', 'canada,suspends,operating,licence,railway,firm,involved,last,month,fuel,train,disaster,megantic', '', 'canada,rail,blast,firm,loses,licence,suspends,operating,railway,involved,last,month,fuel,train,disaster,megantic', NULL, '2013-08-14 04:47:52');
INSERT INTO `posts` (`id`, `feed_id`, `link`, `pubdate`, `title`, `title_words`, `description`, `description_words`, `article`, `title_description_words`, `updated_on`, `created_on`) VALUES
(157, 2, 'http://www.bbc.co.uk/news/world-latin-america-23690639#sa-ns_mchannel=rss&amp;ns_source=PublicRSS20-sa', '2013-08-14 03:11:19', 'UN probes North Korea arms shipment', 'probes,north,korea,arms,shipment', 'UN officials have begun inspecting an arms shipment found on a North Korean ship, Panama&#039;s security minister says.', 'officials,have,begun,inspecting,arms,shipment,found,north,korean,ship,panama,security,minister,says', '', 'probes,north,korea,arms,shipment,officials,have,begun,inspecting,found,korean,ship,panama,security,minister,says', NULL, '2013-08-14 04:47:52'),
(158, 2, 'http://www.bbc.co.uk/news/world-africa-23690797#sa-ns_mchannel=rss&amp;ns_source=PublicRSS20-sa', '2013-08-14 01:55:05', 'Berbers storm Libyan parliament', 'berbers,storm,libyan,parliament', 'Members of Libya&#039;s minority Berber community storm the parliament building in Tripoli during a protest demanding recognition in the new constitution.', 'members,libya,minority,berber,community,storm,parliament,building,tripoli,during,protest,demanding,recognition,constitution', '', 'berbers,storm,libyan,parliament,members,libya,minority,berber,community,building,tripoli,during,protest,demanding,recognition,constitution', NULL, '2013-08-14 04:47:52'),
(159, 2, 'http://www.bbc.co.uk/news/world-us-canada-23690155#sa-ns_mchannel=rss&amp;ns_source=PublicRSS20-sa', '2013-08-14 01:44:49', 'Polish soldier dies climbing US peak', 'polish,soldier,dies,climbing,peak', 'The body of a Polish soldier who said he wanted to plant his nation&#039;s flag on Mount Hood in Oregon has been found on the frozen peak, authorities say.', 'body,polish,soldier,said,wanted,plant,nation,flag,mount,hood,oregon,been,found,frozen,peak,authorities', '', 'polish,soldier,dies,climbing,peak,body,said,wanted,plant,nation,flag,mount,hood,oregon,been,found,frozen,authorities', NULL, '2013-08-14 04:47:52'),
(160, 2, 'http://www.bbc.co.uk/news/world-africa-23683420#sa-ns_mchannel=rss&amp;ns_source=PublicRSS20-sa', '2013-08-13 15:26:27', 'Poachers kill rhino in Nairobi park', 'poachers,kill,rhino,nairobi,park', 'A white rhino is shot dead by poachers in one of Kenya&#039;s most heavily guarded parks, close to the capital Nairobi.', 'white,rhino,shot,dead,poachers,kenya,most,heavily,guarded,parks,close,capital,nairobi', '', 'poachers,kill,rhino,nairobi,park,white,shot,dead,kenya,most,heavily,guarded,parks,close,capital', NULL, '2013-08-14 04:47:52'),
(161, 2, 'http://www.bbc.co.uk/news/world-africa-23689074#sa-ns_mchannel=rss&amp;ns_source=PublicRSS20-sa', '2013-08-13 21:02:40', 'Nigeria dismisses Boko Haram threat', 'nigeria,dismisses,boko,haram,threat', 'Nigeria&#039;s interior minister says the army is making progress in the war against Boko Haram militants, despite the killing of 44 people in a mosque.', 'nigeria,interior,minister,says,army,making,progress,against,boko,haram,militants,despite,killing,people,mosque', '', 'nigeria,dismisses,boko,haram,threat,interior,minister,says,army,making,progress,against,militants,despite,killing,people,mosque', NULL, '2013-08-14 04:47:52'),
(162, 2, 'http://www.bbc.co.uk/news/world-us-canada-23691146#sa-ns_mchannel=rss&amp;ns_source=PublicRSS20-sa', '2013-08-14 03:26:26', 'US gun safety teacher shoots student', 'safety,teacher,shoots,student', 'A gun instructor in the US state of Ohio accidentally shoots a student in the arm in a class for people seeking permits to carry a concealed firearm.', 'instructor,state,ohio,accidentally,shoots,student,class,people,seeking,permits,carry,concealed,firearm', '', 'safety,teacher,shoots,student,instructor,state,ohio,accidentally,class,people,seeking,permits,carry,concealed,firearm', NULL, '2013-08-14 04:47:52'),
(163, 2, 'http://www.bbc.co.uk/news/world-europe-23687745#sa-ns_mchannel=rss&amp;ns_source=PublicRSS20-sa', '2013-08-13 20:04:38', 'Pope greets Argentine football team', 'pope,greets,argentine,football,team', 'Argentine footballers, including superstar Lionel Messi, meet fellow countryman Pope Francis along with the Italian national team.', 'argentine,footballers,including,superstar,lionel,messi,meet,fellow,countryman,pope,francis,along,with,italian,national,team', '', 'pope,greets,argentine,football,team,footballers,including,superstar,lionel,messi,meet,fellow,countryman,francis,along,with,italian,national', NULL, '2013-08-14 04:47:52'),
(164, 2, 'http://www.bbc.co.uk/news/world-asia-23683637#sa-ns_mchannel=rss&amp;ns_source=PublicRSS20-sa', '2013-08-13 17:57:46', 'Rare Tibet photos auctioned in UK', 'rare,tibet,photos,auctioned', 'Rare photographs and artefacts from a British military expedition into Tibet in 1904 are auctioned in the UK.', 'rare,photographs,artefacts,from,british,military,expedition,into,tibet,1904,auctioned', '', 'rare,tibet,photos,auctioned,photographs,artefacts,from,british,military,expedition,into,1904', NULL, '2013-08-14 04:47:52'),
(165, 2, 'http://www.bbc.co.uk/news/entertainment-arts-23681680#sa-ns_mchannel=rss&amp;ns_source=PublicRSS20-sa', '2013-08-13 20:44:55', 'Cory Monteith films set for Toronto', 'cory,monteith,films,toronto', 'The final two movies made by late Glee actor Cory Monteith will both screen at this year&#039;s Toronto Film Festival.', 'final,movies,made,late,glee,actor,cory,monteith,will,both,screen,this,year,toronto,film,festival', '', 'cory,monteith,films,toronto,final,movies,made,late,glee,actor,will,both,screen,this,year,film,festival', NULL, '2013-08-14 04:47:52'),
(166, 2, 'http://www.bbc.co.uk/news/world-us-canada-23688194#sa-ns_mchannel=rss&amp;ns_source=PublicRSS20-sa', '2013-08-14 00:06:47', 'US nuclear unit fails safety test', 'nuclear,unit,fails,safety,test', 'The US Air Force unit that oversees a Cold War-era nuclear missile installation has failed a safety test, the Air Force has said.', 'force,unit,that,oversees,cold,nuclear,missile,installation,failed,safety,test,said', '', 'nuclear,unit,fails,safety,test,force,that,oversees,cold,missile,installation,failed,said', NULL, '2013-08-14 04:47:52'),
(167, 2, 'http://www.bbc.co.uk/news/science-environment-23630749#sa-ns_mchannel=rss&amp;ns_source=PublicRSS20-sa', '2013-08-13 12:25:21', 'Murders could follow maths law', 'murders,could,follow,maths', 'A team in Brazil reports that a mathematical formula can help predict how many murders will occur as the population increases.', 'team,brazil,reports,that,mathematical,formula,help,predict,many,murders,will,occur,population,increases', '', 'murders,could,follow,maths,team,brazil,reports,that,mathematical,formula,help,predict,many,will,occur,population,increases', NULL, '2013-08-14 04:47:52'),
(168, 2, 'http://www.bbc.co.uk/news/world-africa-23688625#sa-ns_mchannel=rss&amp;ns_source=PublicRSS20-sa', '2013-08-13 20:56:12', 'CAR children &lsquo;face sexual abuse&rsquo;', 'children,face,sexual,abuse', 'More than 100,000 children in the Central African Republic are facing sexual abuse and recruitment into armed groups, the charity Save the Children warns.', 'more,than,100000,children,central,african,republic,facing,sexual,abuse,recruitment,into,armed,groups,charity,save,warns', '', 'children,face,sexual,abuse,more,than,100000,central,african,republic,facing,recruitment,into,armed,groups,charity,save,warns', NULL, '2013-08-14 04:47:52'),
(169, 2, 'http://www.bbc.co.uk/news/world-africa-23685955#sa-ns_mchannel=rss&amp;ns_source=PublicRSS20-sa', '2013-08-13 21:38:55', 'Mugabe pledges black empowerment', 'mugabe,pledges,black,empowerment', 'Robert Mugabe vows to press on with his policy of forcing companies to cede economic control to black Zimbabweans.', 'robert,mugabe,vows,press,with,policy,forcing,companies,cede,economic,control,black,zimbabweans', '', 'mugabe,pledges,black,empowerment,robert,vows,press,with,policy,forcing,companies,cede,economic,control,zimbabweans', NULL, '2013-08-14 04:47:52'),
(170, 2, 'http://www.bbc.co.uk/news/world-asia-china-23665071#sa-ns_mchannel=rss&amp;ns_source=PublicRSS20-sa', '2013-08-13 11:49:29', 'Death penalty over Xinjiang violence', 'death,penalty,over,xinjiang,violence', 'Two men are sentenced to death over a clash in Xinjiang that left 21 people dead, state media say, blaming the incident on a &quot;terrorist group&quot;.', 'sentenced,death,over,clash,xinjiang,that,left,people,dead,state,media,blaming,incident,terrorist,group', '', 'death,penalty,over,xinjiang,violence,sentenced,clash,that,left,people,dead,state,media,blaming,incident,terrorist,group', NULL, '2013-08-14 04:47:52'),
(171, 2, 'http://www.bbc.co.uk/sport/0/cricket/23681874', '2013-08-13 17:05:11', 'Seven charged with match-fixing by ICC', 'seven,charged,with,match,fixing', 'Seven people are charged with match-fixing by the ICC and another two are charged for not reporting corruption in the game.', 'seven,people,charged,with,match,fixing,another,reporting,corruption,game', '', 'seven,charged,with,match,fixing,people,another,reporting,corruption,game', NULL, '2013-08-14 04:47:52'),
(172, 2, 'http://www.bbc.co.uk/news/world-europe-23678645#sa-ns_mchannel=rss&amp;ns_source=PublicRSS20-sa', '2013-08-13 16:43:16', 'Suspects offer to return paintings', 'suspects,offer,return,paintings', 'Romanians accused of stealing famous artworks in Rotterdam have offered to return the paintings in exchange for moving their trial, their lawyers say.', 'romanians,accused,stealing,famous,artworks,rotterdam,have,offered,return,paintings,exchange,moving,their,trial,lawyers', '', 'suspects,offer,return,paintings,romanians,accused,stealing,famous,artworks,rotterdam,have,offered,exchange,moving,their,trial,lawyers', NULL, '2013-08-14 04:47:52'),
(173, 2, 'http://www.bbc.co.uk/news/world-europe-23680649#sa-ns_mchannel=rss&amp;ns_source=PublicRSS20-sa', '2013-08-13 16:17:59', 'New Czech PM Rusnok resigns', 'czech,rusnok,resigns', 'The Czech government led by PM Jiri Rusnok has handed in its resignation, after failing to win the confidence of parliament.', 'czech,government,jiri,rusnok,handed,resignation,after,failing,confidence,parliament', '', 'czech,rusnok,resigns,government,jiri,handed,resignation,after,failing,confidence,parliament', NULL, '2013-08-14 04:47:52'),
(174, 2, 'http://www.bbc.co.uk/news/uk-23686277#sa-ns_mchannel=rss&amp;ns_source=PublicRSS20-sa', '2013-08-14 03:16:09', 'Do not jail thieves, says law expert', 'jail,thieves,says,expert', 'Thieves and fraudsters should not be jailed, a legal expert says in a pamphlet released by the Howard League for Penal Reform.', 'thieves,fraudsters,should,jailed,legal,expert,says,pamphlet,released,howard,league,penal,reform', '', 'jail,thieves,says,expert,fraudsters,should,jailed,legal,pamphlet,released,howard,league,penal,reform', NULL, '2013-08-14 04:47:52'),
(175, 2, 'http://www.bbc.co.uk/news/uk-23684980#sa-ns_mchannel=rss&amp;ns_source=PublicRSS20-sa', '2013-08-14 03:38:23', 'Afghan interpreters petition for PM', 'afghan,interpreters,petition', 'A group of former Army officers will visit Downing Street later to demand the option of UK resettlement for Afghan interpreters who worked for British forces.', 'group,former,army,officers,will,visit,downing,street,later,demand,option,resettlement,afghan,interpreters,worked,british,forces', '', 'afghan,interpreters,petition,group,former,army,officers,will,visit,downing,street,later,demand,option,resettlement,worked,british,forces', NULL, '2013-08-14 04:47:52'),
(176, 2, 'http://www.bbc.co.uk/news/business-23690125#sa-ns_mchannel=rss&amp;ns_source=PublicRSS20-sa', '2013-08-14 03:43:14', 'Icahn invests in &#039;undervalued&#039; Apple', 'icahn,invests,undervalued,apple', 'Billionaire investor Carl Icahn says he has built up a &quot;large&quot; stake in Apple, adding that the company is &quot;extremely undervalued&quot;.', 'billionaire,investor,carl,icahn,says,built,large,stake,apple,adding,that,company,extremely,undervalued', '', 'icahn,invests,undervalued,apple,billionaire,investor,carl,says,built,large,stake,adding,that,company,extremely', NULL, '2013-08-14 04:47:52'),
(177, 2, 'http://www.bbc.co.uk/news/business-23690526#sa-ns_mchannel=rss&amp;ns_source=PublicRSS20-sa', '2013-08-14 01:44:08', 'BP sues US over ban on new contracts', 'sues,over,contracts', 'UK oil giant BP is suing the US government for blocking the company from new federal contracts.', 'giant,suing,government,blocking,company,from,federal,contracts', '', 'sues,over,contracts,giant,suing,government,blocking,company,from,federal', NULL, '2013-08-14 04:47:53'),
(178, 2, 'http://www.bbc.co.uk/news/business-23688435#sa-ns_mchannel=rss&amp;ns_source=PublicRSS20-sa', '2013-08-13 22:37:18', 'Kohlberg exits bid for Steinway', 'kohlberg,exits,steinway', 'Private equity firm Kohlberg &amp; Co has declined to match a higher bid for 160-year old piano manufacturer Steinway Musical Instruments.', 'private,equity,firm,kohlberg,declined,match,higher,year,piano,manufacturer,steinway,musical,instruments', '', 'kohlberg,exits,steinway,private,equity,firm,declined,match,higher,year,piano,manufacturer,musical,instruments', NULL, '2013-08-14 04:47:53'),
(179, 2, 'http://www.bbc.co.uk/sport/0/football/23683278', '2013-08-13 21:57:38', 'Rooney has confided in me - Gerrard', 'rooney,confided,gerrard', 'England captain Steven Gerrard says Wayne Rooney has spoken to him about his uncertain future at Manchester United.', 'england,captain,steven,gerrard,says,wayne,rooney,spoken,about,uncertain,future,manchester,united', '', 'rooney,confided,gerrard,england,captain,steven,says,wayne,spoken,about,uncertain,future,manchester,united', NULL, '2013-08-14 04:47:53'),
(180, 2, 'http://www.bbc.co.uk/sport/0/athletics/23686362', '2013-08-13 22:54:00', 'Isinbayeva wins pole vault gold', 'isinbayeva,wins,pole,vault,gold', 'Home favourite Yelena Isinbayeva sends the Russian fans wild as she claims pole vault gold at the Moscow World Championships.', 'home,favourite,yelena,isinbayeva,sends,russian,fans,wild,claims,pole,vault,gold,moscow,world,championships', '', 'isinbayeva,wins,pole,vault,gold,home,favourite,yelena,sends,russian,fans,wild,claims,moscow,world,championships', NULL, '2013-08-14 04:47:53'),
(181, 2, 'http://www.bbc.co.uk/sport/0/football/23679524', '2013-08-13 17:00:56', 'Rivalry just as intense - Strachan', 'rivalry,just,intense,strachan', 'Scotland boss Gordon Strachan thinks the match against England will be competitive despite it being a friendly.', 'scotland,boss,gordon,strachan,thinks,match,against,england,will,competitive,despite,being,friendly', '', 'rivalry,just,intense,strachan,scotland,boss,gordon,thinks,match,against,england,will,competitive,despite,being,friendly', NULL, '2013-08-14 04:47:53'),
(182, 2, 'http://www.bbc.co.uk/news/entertainment-arts-23683969#sa-ns_mchannel=rss&amp;ns_source=PublicRSS20-sa', '2013-08-14 03:00:15', 'Zimmer to get key Classic Brit prize', 'zimmer,classic,brit,prize', 'Oscar-winning composer Hans Zimmer is to be honoured with the outstanding contribution to music award at this year&#039;s Classic Brits.', 'oscar,winning,composer,hans,zimmer,honoured,with,outstanding,contribution,music,award,this,year,classic,brits', '', 'zimmer,classic,brit,prize,oscar,winning,composer,hans,honoured,with,outstanding,contribution,music,award,this,year,brits', NULL, '2013-08-14 04:47:53');

-- --------------------------------------------------------

--
-- Table structure for table `summary_data`
--

DROP TABLE IF EXISTS `summary_data`;
CREATE TABLE IF NOT EXISTS `summary_data` (
  `id` int(11) NOT NULL AUTO_INCREMENT,
  `summary_id` int(11) NOT NULL,
  `feed_id` int(11) NOT NULL,
  `post_id` int(11) NOT NULL,
  `match_id` int(11) NOT NULL,
  `match_priority` int(11) NOT NULL,
  `match_string` varchar(155) NOT NULL,
  `created_on` timestamp NOT NULL DEFAULT '0000-00-00 00:00:00' ON UPDATE CURRENT_TIMESTAMP,
  PRIMARY KEY (`summary_id`,`feed_id`,`id`),
  UNIQUE KEY `id` (`id`)
) ENGINE=InnoDB  DEFAULT CHARSET=latin1 AUTO_INCREMENT=16 ;

--
-- Truncate table before insert `summary_data`
--

TRUNCATE TABLE `summary_data`;
--
-- Dumping data for table `summary_data`
--

INSERT INTO `summary_data` (`id`, `summary_id`, `feed_id`, `post_id`, `match_id`, `match_priority`, `match_string`, `created_on`) VALUES
(3, 1, 2, 17, 2, 5, '+world-year-killed', '2013-08-14 08:28:14'),
(4, 1, 2, 37, 2, 5, '+world-year-killed', '2013-08-14 08:28:14'),
(5, 1, 2, 45, 3, 3, '+ramadan-year+killed', '2013-08-14 08:28:14'),
(6, 1, 2, 32, 3, 3, '+ramadan-year+killed', '2013-08-14 08:28:14'),
(8, 1, 2, 28, 4, 5, '+year-qaeda-killed', '2013-08-14 08:28:14'),
(9, 1, 2, 26, 4, 5, '+year-qaeda-killed', '2013-08-14 08:28:14'),
(10, 1, 2, 31, 5, 6, '-world+qaeda-killed', '2013-08-14 08:28:14'),
(11, 1, 2, 25, 5, 6, '-world+qaeda-killed', '2013-08-14 08:28:14'),
(12, 1, 2, 22, 6, 7, '-ramadan-qaeda+killed', '2013-08-14 08:28:14'),
(13, 1, 2, 46, 6, 7, '-ramadan-qaeda+killed', '2013-08-14 08:28:14'),
(1, 1, 4, 60, 1, 3, '+qaeda-year+killed', '2013-08-14 08:28:14'),
(2, 1, 4, 58, 2, 5, '+world-year-killed', '2013-08-14 08:28:14'),
(7, 1, 4, 59, 4, 5, '+year-qaeda-killed', '2013-08-14 08:28:14');

-- --------------------------------------------------------

--
-- Table structure for table `summary_list`
--

DROP TABLE IF EXISTS `summary_list`;
CREATE TABLE IF NOT EXISTS `summary_list` (
  `ID` int(11) NOT NULL AUTO_INCREMENT,
  `STARTTIME` timestamp NOT NULL DEFAULT '0000-00-00 00:00:00',
  `ENDTIME` timestamp NOT NULL DEFAULT '0000-00-00 00:00:00',
  `CATEGORY_ID` int(11) NOT NULL DEFAULT '0',
  `USER_ID` int(11) NOT NULL DEFAULT '0',
  `RUN_ON` timestamp NOT NULL DEFAULT CURRENT_TIMESTAMP,
  PRIMARY KEY (`STARTTIME`,`ENDTIME`,`CATEGORY_ID`,`USER_ID`),
  UNIQUE KEY `ID` (`ID`)
) ENGINE=InnoDB  DEFAULT CHARSET=latin1 AUTO_INCREMENT=2 ;

--
-- Truncate table before insert `summary_list`
--

TRUNCATE TABLE `summary_list`;
--
-- Dumping data for table `summary_list`
--

INSERT INTO `summary_list` (`ID`, `STARTTIME`, `ENDTIME`, `CATEGORY_ID`, `USER_ID`, `RUN_ON`) VALUES
(1, '2013-08-11 04:00:00', '2013-08-12 04:00:00', 0, 1, '2013-08-14 04:28:13');

-- --------------------------------------------------------

--
-- Table structure for table `users`
--

DROP TABLE IF EXISTS `users`;
CREATE TABLE IF NOT EXISTS `users` (
  `id` int(11) NOT NULL AUTO_INCREMENT,
  `username` varchar(30) NOT NULL,
  `password` text NOT NULL,
  `key` text NOT NULL,
  `email` varchar(128) NOT NULL,
  `name` varchar(30) NOT NULL,
  `updated_on` timestamp NULL DEFAULT NULL,
  `created_on` timestamp NULL DEFAULT NULL,
  PRIMARY KEY (`id`)
) ENGINE=InnoDB  DEFAULT CHARSET=latin1 AUTO_INCREMENT=2 ;

--
-- Truncate table before insert `users`
--

TRUNCATE TABLE `users`;
--
-- Dumping data for table `users`
--

INSERT INTO `users` (`id`, `username`, `password`, `key`, `email`, `name`, `updated_on`, `created_on`) VALUES
(1, 'cesar', 'password', '', '', 'cesar', NULL, NULL);

-- --------------------------------------------------------

--
-- Table structure for table `word_counts`
--

DROP TABLE IF EXISTS `word_counts`;
CREATE TABLE IF NOT EXISTS `word_counts` (
  `word_count` int(11) NOT NULL,
  `month_min` smallint(6) NOT NULL,
  `day_min` smallint(6) NOT NULL,
  `week_min` smallint(6) NOT NULL,
  `year_min` smallint(6) NOT NULL,
  UNIQUE KEY `word_count` (`word_count`)
) ENGINE=InnoDB DEFAULT CHARSET=latin1;

--
-- Truncate table before insert `word_counts`
--

TRUNCATE TABLE `word_counts`;
--
-- Dumping data for table `word_counts`
--

INSERT INTO `word_counts` (`word_count`, `month_min`, `day_min`, `week_min`, `year_min`) VALUES
(0, 94, 3, 21, 1128),
(1000, 126, 4, 28, 1512),
(2000, 157, 5, 35, 1884),
(3000, 189, 6, 42, 2268);

/*!40101 SET CHARACTER_SET_CLIENT=@OLD_CHARACTER_SET_CLIENT */;
/*!40101 SET CHARACTER_SET_RESULTS=@OLD_CHARACTER_SET_RESULTS */;
/*!40101 SET COLLATION_CONNECTION=@OLD_COLLATION_CONNECTION */;
