-- phpMyAdmin SQL Dump
-- version 4.0.4
-- http://www.phpmyadmin.net
--
-- Host: localhost
-- Generation Time: Sep 05, 2013 at 04:39 AM
-- Server version: 5.6.13
-- PHP Version: 5.5.3

SET SQL_MODE = "NO_AUTO_VALUE_ON_ZERO";
SET time_zone = "+00:00";


/*!40101 SET @OLD_CHARACTER_SET_CLIENT=@@CHARACTER_SET_CLIENT */;
/*!40101 SET @OLD_CHARACTER_SET_RESULTS=@@CHARACTER_SET_RESULTS */;
/*!40101 SET @OLD_COLLATION_CONNECTION=@@COLLATION_CONNECTION */;
/*!40101 SET NAMES utf8 */;

--
-- Database: `Siftmode`
--
CREATE DATABASE IF NOT EXISTS `Siftmode` DEFAULT CHARACTER SET latin1 COLLATE latin1_swedish_ci;
USE `Siftmode`;

-- --------------------------------------------------------

--
-- Table structure for table `categories`
--

CREATE TABLE IF NOT EXISTS `categories` (
  `ID` int(11) NOT NULL AUTO_INCREMENT,
  `USER_ID` int(11) NOT NULL,
  `CATEGORY_NAME` varchar(50) NOT NULL,
  `COMMON_WORDS` text NOT NULL,
  `UPDATED_ON` timestamp NULL DEFAULT NULL,
  `CREATED_ON` timestamp NULL DEFAULT NULL,
  `LAST_RUN_ON` timestamp NULL DEFAULT NULL,
  PRIMARY KEY (`ID`),
  UNIQUE KEY `ID` (`ID`),
  KEY `ID_2` (`ID`,`CATEGORY_NAME`,`LAST_RUN_ON`)
) ENGINE=InnoDB  DEFAULT CHARSET=latin1 AUTO_INCREMENT=3 ;

--
-- Truncate table before insert `categories`
--

TRUNCATE TABLE `categories`;
--
-- Dumping data for table `categories`
--

INSERT INTO `categories` (`ID`, `USER_ID`, `CATEGORY_NAME`, `COMMON_WORDS`, `UPDATED_ON`, `CREATED_ON`, `LAST_RUN_ON`) VALUES
(1, 0, 'Base Category', 'come,during,from,full,have,more,nbsp,people,saying,says,than,that,with,what,whats,which,will,were,when,where', NULL, NULL, NULL),
(2, 1, 'News', 'according,article,read,video', NULL, NULL, '2013-09-05 04:37:14');

-- --------------------------------------------------------

--
-- Table structure for table `feeds`
--

CREATE TABLE IF NOT EXISTS `feeds` (
  `id` int(11) NOT NULL AUTO_INCREMENT,
  `category_id` int(11) NOT NULL,
  `feed_url` varchar(2048) NOT NULL,
  `save_articles` bit(1) DEFAULT b'0',
  `name` varchar(32) NOT NULL,
  `description` varchar(256) NOT NULL,
  `updated_on` timestamp NULL DEFAULT NULL,
  `created_on` timestamp NULL DEFAULT NULL,
  PRIMARY KEY (`id`),
  UNIQUE KEY `ID` (`id`)
) ENGINE=InnoDB  DEFAULT CHARSET=latin1 AUTO_INCREMENT=5 ;

--
-- Truncate table before insert `feeds`
--

TRUNCATE TABLE `feeds`;
--
-- Dumping data for table `feeds`
--

INSERT INTO `feeds` (`id`, `category_id`, `feed_url`, `save_articles`, `name`, `description`, `updated_on`, `created_on`) VALUES
(2, 2, 'http://feeds.bbci.co.uk/news/world/rss.xml', b'0', 'bbc', '', NULL, NULL),
(3, 2, 'http://rss.cnn.com/rss/cnn_world.rss', b'0', 'cnn', '', NULL, NULL),
(4, 2, 'http://feeds.washingtonpost.com/rss/world', b'0', 'wpost', '', NULL, NULL);

-- --------------------------------------------------------

--
-- Table structure for table `posts`
--

CREATE TABLE IF NOT EXISTS `posts` (
  `id` int(11) NOT NULL AUTO_INCREMENT,
  `feed_id` int(11) NOT NULL,
  `link` text NOT NULL,
  `pubdate` timestamp NULL DEFAULT NULL,
  `title` text,
  `title_words` text,
  `description` text,
  `description_words` text,
  `article` text,
  `title_description_words` text,
  `updated_on` timestamp NULL DEFAULT NULL,
  `created_on` timestamp NULL DEFAULT NULL,
  PRIMARY KEY (`id`),
  UNIQUE KEY `id` (`id`),
  FULLTEXT KEY `title_description_words` (`title_description_words`)
) ENGINE=InnoDB  DEFAULT CHARSET=latin1 AUTO_INCREMENT=145 ;

--
-- Truncate table before insert `posts`
--

TRUNCATE TABLE `posts`;
--
-- Dumping data for table `posts`
--

INSERT INTO `posts` (`id`, `feed_id`, `link`, `pubdate`, `title`, `title_words`, `description`, `description_words`, `article`, `title_description_words`, `updated_on`, `created_on`) VALUES
(1, 2, 'http://www.bbc.co.uk/news/world-us-canada-23967190#sa-ns_mchannel=rss&amp;ns_source=PublicRSS20-sa', '2013-09-05 05:20:37', 'US Senate panel backs force in Syria', 'senate,panel,backs,force,syria', 'President Obama&#039;s push for military action to punish Syria&#039;s alleged use of chemical weapons clears its first hurdle in the US Congress.', 'president,obama,push,military,action,punish,syria,alleged,chemical,weapons,clears,first,hurdle,congress', '', 'senate,panel,backs,force,syria,president,obama,push,military,action,punish,alleged,chemical,weapons,clears,first,hurdle,congress', NULL, '2013-09-05 08:37:11'),
(2, 2, 'http://www.bbc.co.uk/news/world-latin-america-23967816#sa-ns_mchannel=rss&amp;ns_source=PublicRSS20-sa', '2013-09-05 03:51:45', 'Chile judges apologise for past role', 'chile,judges,apologise,past,role', 'Chile&#039;s judiciary makes an unprecedented apology for failing victims of abuse during the military rule of Gen Pinochet in the 1970s and 1980s.', 'chile,judiciary,makes,unprecedented,apology,failing,victims,abuse,during,military,rule,pinochet,1970s,1980s', '', 'chile,judges,apologise,past,role,judiciary,makes,unprecedented,apology,failing,victims,abuse,during,military,rule,pinochet,1970s,1980s', NULL, '2013-09-05 08:37:11'),
(3, 2, 'http://www.bbc.co.uk/news/uk-23968266#sa-ns_mchannel=rss&amp;ns_source=PublicRSS20-sa', '2013-09-05 07:38:39', 'UK general: Afghan forces effective', 'general,afghan,forces,effective', 'Nato&#039;s second-in-command in Afghanistan, UK Gen John Lorimer, tells the BBC that local troops are an &quot;effective force&quot; despite rising casualties.', 'nato,second,command,afghanistan,john,lorimer,tells,that,local,troops,effective,force,despite,rising,casualties', '', 'general,afghan,forces,effective,nato,second,command,afghanistan,john,lorimer,tells,that,local,troops,force,despite,rising,casualties', NULL, '2013-09-05 08:37:11'),
(4, 2, 'http://www.bbc.co.uk/news/world-us-canada-23967581#sa-ns_mchannel=rss&amp;ns_source=PublicRSS20-sa', '2013-09-05 04:15:47', 'Ohio captor &#039;needed suicide watch&#039;', 'ohio,captor,needed,suicide,watch', 'A lawyer for Ariel Castro, who kept women captive in Cleveland, Ohio, criticises prison authorities for taking his client off suicide watch.', 'lawyer,ariel,castro,kept,women,captive,cleveland,ohio,criticises,prison,authorities,taking,client,suicide,watch', '', 'ohio,captor,needed,suicide,watch,lawyer,ariel,castro,kept,women,captive,cleveland,criticises,prison,authorities,taking,client', NULL, '2013-09-05 08:37:11'),
(5, 2, 'http://www.bbc.co.uk/news/world-us-canada-23966193#sa-ns_mchannel=rss&amp;ns_source=PublicRSS20-sa', '2013-09-05 07:13:42', 'Fort Hood gunman forcibly shaved', 'fort,hood,gunman,forcibly,shaved', 'The man sentenced to death last week for the 2009 Fort Hood shooting rampage has been forcibly shaved, a US Army spokesman says.', 'sentenced,death,last,week,2009,fort,hood,shooting,rampage,been,forcibly,shaved,army,spokesman,says', '', 'fort,hood,gunman,forcibly,shaved,sentenced,death,last,week,2009,shooting,rampage,been,army,spokesman,says', NULL, '2013-09-05 08:37:11'),
(6, 2, 'http://www.bbc.co.uk/news/world-europe-23958458#sa-ns_mchannel=rss&amp;ns_source=PublicRSS20-sa', '2013-09-04 18:38:51', 'German leader visits massacre site', 'german,leader,visits,massacre,site', 'President Gauck becomes the first top German dignitary to visit Oradour-sur-Glane, where hundreds of French civilians were massacred in 1944.', 'president,gauck,becomes,first,german,dignitary,visit,oradour,glane,where,hundreds,french,civilians,were,massacred,1944', '', 'german,leader,visits,massacre,site,president,gauck,becomes,first,dignitary,visit,oradour,glane,where,hundreds,french,civilians,were,massacred,1944', NULL, '2013-09-05 08:37:11'),
(7, 2, 'http://www.bbc.co.uk/news/world-latin-america-23960001#sa-ns_mchannel=rss&amp;ns_source=PublicRSS20-sa', '2013-09-04 19:55:45', 'Brazil lower house bans secret votes', 'brazil,lower,house,bans,secret,votes', 'Brazil&#039;s lower house passes an amendment to abolish secret voting in Congress, a demand by protesters who took to the streets in June.', 'brazil,lower,house,passes,amendment,abolish,secret,voting,congress,demand,protesters,took,streets,june', '', 'brazil,lower,house,bans,secret,votes,passes,amendment,abolish,voting,congress,demand,protesters,took,streets,june', NULL, '2013-09-05 08:37:11'),
(8, 2, 'http://www.bbc.co.uk/news/business-23963236#sa-ns_mchannel=rss&amp;ns_source=PublicRSS20-sa', '2013-09-04 22:52:03', 'IMF approves $6.7bn Pakistan loan', 'approves,pakistan,loan', 'The International Monetary Fund (IMF) has approved a $6.7bn (&pound;4.3bn) loan for Pakistan amid a continuing economic crisis in the country.', 'international,monetary,fund,approved,loan,pakistan,amid,continuing,economic,crisis,country', '', 'approves,pakistan,loan,international,monetary,fund,approved,amid,continuing,economic,crisis,country', NULL, '2013-09-05 08:37:11'),
(9, 2, 'http://www.bbc.co.uk/news/world-europe-23967286#sa-ns_mchannel=rss&amp;ns_source=PublicRSS20-sa', '2013-09-05 02:04:05', 'Bosnia miners leave pit after strike', 'bosnia,miners,leave,after,strike', 'About 140 miners who barricaded themselves inside a coal mine in Bosnia-Hercegovina in an industrial dispute leave the pit after reaching a deal with managers.', 'about,miners,barricaded,themselves,inside,coal,mine,bosnia,hercegovina,industrial,dispute,leave,after,reaching,deal,with,managers', '', 'bosnia,miners,leave,after,strike,about,barricaded,themselves,inside,coal,mine,hercegovina,industrial,dispute,reaching,deal,with,managers', NULL, '2013-09-05 08:37:11'),
(10, 2, 'http://www.bbc.co.uk/news/world-latin-america-23967165#sa-ns_mchannel=rss&amp;ns_source=PublicRSS20-sa', '2013-09-05 00:00:16', 'Pope recalls envoy amid abuse claims', 'pope,recalls,envoy,amid,abuse,claims', 'The Vatican recalls its envoy to the Dominican Republic and launched an investigation after local media accused him of sexually abusing children.', 'vatican,recalls,envoy,dominican,republic,launched,investigation,after,local,media,accused,sexually,abusing,children', '', 'pope,recalls,envoy,amid,abuse,claims,vatican,dominican,republic,launched,investigation,after,local,media,accused,sexually,abusing,children', NULL, '2013-09-05 08:37:11'),
(11, 2, 'http://www.bbc.co.uk/news/health-23961440#sa-ns_mchannel=rss&amp;ns_source=PublicRSS20-sa', '2013-09-05 05:21:10', 'Huge rise in malaria cases in Chad', 'huge,rise,malaria,cases,chad', 'An emergency operation is underway in the Salamat region of Chad after an &quot;alarming&quot; rise in cases of malaria.', 'emergency,operation,underway,salamat,region,chad,after,alarming,rise,cases,malaria', '', 'huge,rise,malaria,cases,chad,emergency,operation,underway,salamat,region,after,alarming', NULL, '2013-09-05 08:37:11'),
(12, 2, 'http://www.bbc.co.uk/news/world-us-canada-23958312#sa-ns_mchannel=rss&amp;ns_source=PublicRSS20-sa', '2013-09-04 22:04:46', 'McCain played phone game in Senate', 'mccain,played,phone,game,senate', 'US Senator John McCain admits playing a game on his iPhone during a congressional hearing on Syria, after being &quot;busted&quot; by the Washington Post.', 'senator,john,mccain,admits,playing,game,iphone,during,congressional,hearing,syria,after,being,busted,washington,post', '', 'mccain,played,phone,game,senate,senator,john,admits,playing,iphone,during,congressional,hearing,syria,after,being,busted,washington,post', NULL, '2013-09-05 08:37:11'),
(13, 2, 'http://www.bbc.co.uk/news/world-europe-23954579#sa-ns_mchannel=rss&amp;ns_source=PublicRSS20-sa', '2013-09-04 02:38:19', 'Louvre restores famous winged statue', 'louvre,restores,famous,winged,statue', 'One of the most famous statues in the Louvre Museum in Paris, the Winged Victory of Samothrace, is removed from view for a year of restoration.', 'most,famous,statues,louvre,museum,paris,winged,victory,samothrace,removed,from,view,year,restoration', '', 'louvre,restores,famous,winged,statue,most,statues,museum,paris,victory,samothrace,removed,from,view,year,restoration', NULL, '2013-09-05 08:37:11'),
(14, 2, 'http://www.bbc.co.uk/news/business-23962513#sa-ns_mchannel=rss&amp;ns_source=PublicRSS20-sa', '2013-09-04 18:01:47', 'US trade deficit widens in July', 'trade,deficit,widens,july', 'The US trade deficit widened in July from June due to a fall in exports and growing imports of cars, trucks and motoring parts.', 'trade,deficit,widened,july,from,june,fall,exports,growing,imports,cars,trucks,motoring,parts', '', 'trade,deficit,widens,july,widened,from,june,fall,exports,growing,imports,cars,trucks,motoring,parts', NULL, '2013-09-05 08:37:11'),
(15, 2, 'http://www.bbc.co.uk/news/world-us-canada-23953276#sa-ns_mchannel=rss&amp;ns_source=PublicRSS20-sa', '2013-09-04 01:20:04', 'Damages award over US racial slur', 'damages,award,over,racial,slur', 'A US jury awards $280,000 in damages after rejecting a black employer&#039;s claim his use of a racial slur against a black employee was a term of love.', 'jury,awards,280000,damages,after,rejecting,black,employer,claim,racial,slur,against,employee,term,love', '', 'damages,award,over,racial,slur,jury,awards,280000,after,rejecting,black,employer,claim,against,employee,term,love', NULL, '2013-09-05 08:37:11'),
(16, 2, 'http://www.bbc.co.uk/news/world-latin-america-23954514#sa-ns_mchannel=rss&amp;ns_source=PublicRSS20-sa', '2013-09-04 12:40:05', 'Power cut affects most of Venezuela', 'power,affects,most,venezuela', 'A power cut leaves 70% of Venezuela without electricity, including the capital, as President Maduro blames &quot;sabotage&quot; by the opposition.', 'power,leaves,venezuela,without,electricity,including,capital,president,maduro,blames,sabotage,opposition', '', 'power,affects,most,venezuela,leaves,without,electricity,including,capital,president,maduro,blames,sabotage,opposition', NULL, '2013-09-05 08:37:11'),
(17, 2, 'http://www.bbc.co.uk/news/world-latin-america-23955920#sa-ns_mchannel=rss&amp;ns_source=PublicRSS20-sa', '2013-09-04 14:26:23', 'Mexican Senate backs education bill', 'mexican,senate,backs,education,bill', 'Senators in Mexico vote in favour of a bill which introduces mandatory performance evaluations for teachers, a move opposed by some unions.', 'senators,mexico,vote,favour,bill,which,introduces,mandatory,performance,evaluations,teachers,move,opposed,some,unions', '', 'mexican,senate,backs,education,bill,senators,mexico,vote,favour,which,introduces,mandatory,performance,evaluations,teachers,move,opposed,some,unions', NULL, '2013-09-05 08:37:11'),
(18, 2, 'http://www.bbc.co.uk/news/world-africa-23957259#sa-ns_mchannel=rss&amp;ns_source=PublicRSS20-sa', '2013-09-04 20:00:11', 'Keita sworn in as new Mali president', 'keita,sworn,mali,president', 'Ibrahim Boubacar Keita is sworn in as Mali&#039;s president, marking a return to democratic rule after a coup and the ousting of militants from the north.', 'ibrahim,boubacar,keita,sworn,mali,president,marking,return,democratic,rule,after,coup,ousting,militants,from,north', '', 'keita,sworn,mali,president,ibrahim,boubacar,marking,return,democratic,rule,after,coup,ousting,militants,from,north', NULL, '2013-09-05 08:37:11'),
(19, 2, 'http://www.bbc.co.uk/news/world-africa-23960843#sa-ns_mchannel=rss&amp;ns_source=PublicRSS20-sa', '2013-09-04 19:55:19', 'Nigeria tycoon in oil refinery deal', 'nigeria,tycoon,refinery,deal', 'Africa&#039;s wealthiest man, Aliko Dangote, signs a multi-billion dollar deal with banks to finance the building of a huge oil refinery in Nigeria.', 'africa,wealthiest,aliko,dangote,signs,multi,billion,dollar,deal,with,banks,finance,building,huge,refinery,nigeria', '', 'nigeria,tycoon,refinery,deal,africa,wealthiest,aliko,dangote,signs,multi,billion,dollar,with,banks,finance,building,huge', NULL, '2013-09-05 08:37:11'),
(20, 2, 'http://www.bbc.co.uk/news/world-asia-china-23956170#sa-ns_mchannel=rss&amp;ns_source=PublicRSS20-sa', '2013-09-05 07:41:04', 'China jails &#039;smiling official&#039; Yang', 'china,jails,smiling,official,yang', 'A Chinese official who caused an outcry by grinning at the scene of a bus crash has been given a 14-year jail sentence for corruption, state media say.', 'chinese,official,caused,outcry,grinning,scene,crash,been,given,year,jail,sentence,corruption,state,media', '', 'china,jails,smiling,official,yang,chinese,caused,outcry,grinning,scene,crash,been,given,year,jail,sentence,corruption,state,media', NULL, '2013-09-05 08:37:11'),
(21, 2, 'http://www.bbc.co.uk/news/technology-23961692#sa-ns_mchannel=rss&amp;ns_source=PublicRSS20-sa', '2013-09-04 22:07:04', 'Samsung unveils Galaxy smartwatch', 'samsung,unveils,galaxy,smartwatch', 'Samsung unveils a colour smartwatch that runs apps, shows alerts and can be used to make calls. However, owners will need another Samsung Android device to use it.', 'samsung,unveils,colour,smartwatch,that,runs,apps,shows,alerts,used,make,calls,however,owners,will,need,another,android,device', '', 'samsung,unveils,galaxy,smartwatch,colour,that,runs,apps,shows,alerts,used,make,calls,however,owners,will,need,another,android,device', NULL, '2013-09-05 08:37:11'),
(22, 2, 'http://www.bbc.co.uk/news/world-middle-east-23962304#sa-ns_mchannel=rss&amp;ns_source=PublicRSS20-sa', '2013-09-04 23:35:28', '&#039;Credibility on the line over Syria&#039;', 'credibility,line,over,syria', 'President Obama says the credibility of the US and international community is on the line over its response to alleged chemical attacks by Syria.', 'president,obama,says,credibility,international,community,line,over,response,alleged,chemical,attacks,syria', '', 'credibility,line,over,syria,president,obama,says,international,community,response,alleged,chemical,attacks', NULL, '2013-09-05 08:37:11'),
(23, 2, 'http://www.bbc.co.uk/news/science-environment-23936489#sa-ns_mchannel=rss&amp;ns_source=PublicRSS20-sa', '2013-09-05 07:00:23', 'Alien invaders threaten urban areas', 'alien,invaders,threaten,urban,areas', 'Europe&#039;s urban areas are particularly vulnerable to invasive species as a result of high volumes of trade and more transport links, say experts.', 'europe,urban,areas,particularly,vulnerable,invasive,species,result,high,volumes,trade,more,transport,links,experts', '', 'alien,invaders,threaten,urban,areas,europe,particularly,vulnerable,invasive,species,result,high,volumes,trade,more,transport,links,experts', NULL, '2013-09-05 08:37:11'),
(24, 2, 'http://www.bbc.co.uk/news/world-middle-east-23958137#sa-ns_mchannel=rss&amp;ns_source=PublicRSS20-sa', '2013-09-04 15:09:01', 'Deadly attack on Shia family in Iraq', 'deadly,attack,shia,family,iraq', 'An attack on a Shia family living near Baghdad has left at least 16 people dead, Iraqi officials say.', 'attack,shia,family,living,near,baghdad,left,least,people,dead,iraqi,officials', '', 'deadly,attack,shia,family,iraq,living,near,baghdad,left,least,people,dead,iraqi,officials', NULL, '2013-09-05 08:37:11'),
(25, 2, 'http://www.bbc.co.uk/news/science-environment-23947820#sa-ns_mchannel=rss&amp;ns_source=PublicRSS20-sa', '2013-09-04 04:51:17', 'New date for origin of ancient Egypt', 'date,origin,ancient,egypt', 'A new timeline for the formation of ancient Egypt is established by scientists.', 'timeline,formation,ancient,egypt,established,scientists', '', 'date,origin,ancient,egypt,timeline,formation,established,scientists', NULL, '2013-09-05 08:37:11'),
(26, 2, 'http://www.bbc.co.uk/news/uk-politics-23963867#sa-ns_mchannel=rss&amp;ns_source=PublicRSS20-sa', '2013-09-05 03:36:18', 'Flagship welfare policy &#039;poor value&#039;', 'flagship,welfare,policy,poor,value', 'The government&#039;s universal credit has been badly managed, is &quot;overambitious&quot; and poor value for money, the spending watchdog says.', 'government,universal,credit,been,badly,managed,overambitious,poor,value,money,spending,watchdog,says', '', 'flagship,welfare,policy,poor,value,government,universal,credit,been,badly,managed,overambitious,money,spending,watchdog,says', NULL, '2013-09-05 08:37:11'),
(27, 2, 'http://www.bbc.co.uk/news/uk-23957608#sa-ns_mchannel=rss&amp;ns_source=PublicRSS20-sa', '2013-09-05 04:56:50', '&#039;Quarter of UK&#039; put up with coldness', 'quarter,with,coldness', 'A quarter of people have put up with &quot;unacceptably cold&quot; homes in the past year as they struggle to pay bills, a BBC Radio 5 live survey suggests.', 'quarter,people,have,with,unacceptably,cold,homes,past,year,they,struggle,bills,radio,live,survey,suggests', '', 'quarter,with,coldness,people,have,unacceptably,cold,homes,past,year,they,struggle,bills,radio,live,survey,suggests', NULL, '2013-09-05 08:37:11'),
(28, 2, 'http://www.bbc.co.uk/news/business-23966218#sa-ns_mchannel=rss&amp;ns_source=PublicRSS20-sa', '2013-09-05 03:07:32', 'G20 to agree tax avoidance fight', 'agree,avoidance,fight', 'Thursday&#039;s meeting of G20 nations is expected to sign an agreement to fight tax avoidance by multinationals, but the Syrian crisis will also be in focus.', 'thursday,meeting,nations,expected,sign,agreement,fight,avoidance,multinationals,syrian,crisis,will,also,focus', '', 'agree,avoidance,fight,thursday,meeting,nations,expected,sign,agreement,multinationals,syrian,crisis,will,also,focus', NULL, '2013-09-05 08:37:11'),
(29, 2, 'http://www.bbc.co.uk/news/business-23955751#sa-ns_mchannel=rss&amp;ns_source=PublicRSS20-sa', '2013-09-05 05:53:00', 'US car sales at near six-year high', 'sales,near,year,high', 'US car sales surge to a near six-year high in August as consumers grow more confident about an economic recovery.', 'sales,surge,near,year,high,august,consumers,grow,more,confident,about,economic,recovery', '', 'sales,near,year,high,surge,august,consumers,grow,more,confident,about,economic,recovery', NULL, '2013-09-05 08:37:11'),
(30, 2, 'http://www.bbc.co.uk/news/business-23955003#sa-ns_mchannel=rss&amp;ns_source=PublicRSS20-sa', '2013-09-04 09:59:15', 'Olympus to be prosecuted by SFO', 'olympus,prosecuted', 'Japanese camera and medical equipment maker Olympus and its UK subsidiary Gyrus Group will be prosecuted by the UK&#039;s Serious Fraud Office.', 'japanese,camera,medical,equipment,maker,olympus,subsidiary,gyrus,group,will,prosecuted,serious,fraud,office', '', 'olympus,prosecuted,japanese,camera,medical,equipment,maker,subsidiary,gyrus,group,will,serious,fraud,office', NULL, '2013-09-05 08:37:11'),
(31, 2, 'http://www.bbc.co.uk/sport/0/tennis/23965869', '2013-09-05 07:00:04', 'Nadal thrashes Robredo at US Open', 'nadal,thrashes,robredo,open', 'Rafael Nadal destroys fellow Spaniard Tommy Robredo for the loss of just four games as he powers into the US Open semi-finals.', 'rafael,nadal,destroys,fellow,spaniard,tommy,robredo,loss,just,four,games,powers,into,open,semi,finals', '', 'nadal,thrashes,robredo,open,rafael,destroys,fellow,spaniard,tommy,loss,just,four,games,powers,into,semi,finals', NULL, '2013-09-05 08:37:11'),
(32, 2, 'http://www.bbc.co.uk/sport/0/football/23963416', '2013-09-04 20:32:51', 'Dyke sets England World Cup target', 'dyke,sets,england,world,target', 'FA chairman Greg Dyke says the England team should aim to reach the semi-final of Euro 2020 and win the World Cup in 2022.', 'chairman,greg,dyke,says,england,team,should,reach,semi,final,euro,2020,world,2022', '', 'dyke,sets,england,world,target,chairman,greg,says,team,should,reach,semi,final,euro,2020,2022', NULL, '2013-09-05 08:37:11'),
(33, 2, 'http://www.bbc.co.uk/sport/0/football/23967515', '2013-09-05 02:55:46', 'Man Utd &#039;need&#039; director of football', 'need,director,football', 'Manchester United boss David Moyes needs help with transfers, says ex-Liverpool director of football Damien Comolli.', 'manchester,united,boss,david,moyes,needs,help,with,transfers,says,liverpool,director,football,damien,comolli', '', 'need,director,football,manchester,united,boss,david,moyes,needs,help,with,transfers,says,liverpool,damien,comolli', NULL, '2013-09-05 08:37:11'),
(34, 2, 'http://www.bbc.co.uk/news/entertainment-arts-23956536#sa-ns_mchannel=rss&amp;ns_source=PublicRSS20-sa', '2013-09-04 14:06:32', 'One Direction top UK film chart', 'direction,film,chart', 'One Direction shoot to the top of the UK and Ireland box office chart with their documentary This Is Us.', 'direction,shoot,ireland,office,chart,with,their,documentary,this', '', 'direction,film,chart,shoot,ireland,office,with,their,documentary,this', NULL, '2013-09-05 08:37:11'),
(35, 2, 'http://www.bbc.co.uk/news/world-us-canada-23955298#sa-ns_mchannel=rss&amp;ns_source=PublicRSS20-sa', '2013-09-04 12:27:02', 'Science fiction author Pohl dies', 'science,fiction,author,pohl,dies', 'Author Frederik Pohl - best known for his classic 1977 award-winning novel, Gateway, dies in Chicago at the age of 93.', 'author,frederik,pohl,best,known,classic,1977,award,winning,novel,gateway,dies,chicago', '', 'science,fiction,author,pohl,dies,frederik,best,known,classic,1977,award,winning,novel,gateway,chicago', NULL, '2013-09-05 08:37:11'),
(36, 2, 'http://www.bbc.co.uk/news/entertainment-arts-23960021#sa-ns_mchannel=rss&amp;ns_source=PublicRSS20-sa', '2013-09-04 16:17:57', 'Rare Van Gogh Sunflowers image found', 'rare,gogh,sunflowers,image,found', 'A rare photograph of a lost Sunflowers painting by Vincent Van Gogh is found, showing for the first time how the artist wanted his work to be seen.', 'rare,photograph,lost,sunflowers,painting,vincent,gogh,found,showing,first,time,artist,wanted,work,seen', '', 'rare,gogh,sunflowers,image,found,photograph,lost,painting,vincent,showing,first,time,artist,wanted,work,seen', NULL, '2013-09-05 08:37:11'),
(37, 2, 'http://www.bbc.co.uk/news/world-latin-america-23967526#sa-ns_mchannel=rss&amp;ns_source=PublicRSS20-sa', '2013-09-05 07:33:58', 'VIDEO: Colombian farmers clash with police', 'video,colombian,farmers,clash,with,police', 'Colombia&#039;s nationwide farmers protest broke out into violence again on Tuesday.', 'colombia,nationwide,farmers,protest,broke,into,violence,again,tuesday', '', 'video,colombian,farmers,clash,with,police,colombia,nationwide,protest,broke,into,violence,again,tuesday', NULL, '2013-09-05 08:37:11'),
(38, 2, 'http://www.bbc.co.uk/news/world-23967527#sa-ns_mchannel=rss&amp;ns_source=PublicRSS20-sa', '2013-09-05 07:59:39', 'VIDEO: Fighting sexism in Australian politics', 'video,fighting,sexism,australian,politics', 'The BBC&#039;s Yalda Hakim meets Australian women who work in politics and asks whether they thrive in a difficult political culture.', 'yalda,hakim,meets,australian,women,work,politics,asks,whether,they,thrive,difficult,political,culture', '', 'video,fighting,sexism,australian,politics,yalda,hakim,meets,women,work,asks,whether,they,thrive,difficult,political,culture', NULL, '2013-09-05 08:37:11'),
(39, 2, 'http://www.bbc.co.uk/news/world-asia-23962191#sa-ns_mchannel=rss&amp;ns_source=PublicRSS20-sa', '2013-09-04 22:05:00', 'VIDEO: Two tornadoes hit Japan in three days', 'video,tornadoes,japan,three,days', 'Thousands of homes are damaged and dozens of people injured in Japan after two tornadoes hit the country in the space of three days.', 'thousands,homes,damaged,dozens,people,injured,japan,after,tornadoes,country,space,three,days', '', 'video,tornadoes,japan,three,days,thousands,homes,damaged,dozens,people,injured,after,country,space', NULL, '2013-09-05 08:37:11'),
(40, 2, 'http://www.bbc.co.uk/news/business-23964923#sa-ns_mchannel=rss&amp;ns_source=PublicRSS20-sa', '2013-09-05 02:48:53', 'VIDEO: Illegal immigrants in Morocco allege abuse by police', 'video,illegal,immigrants,morocco,allege,abuse,police', 'BBC Newsnight&#039;s Paul Mason hears allegations from illegal immigrants in Morocco of abuse by police forces which are partly funded by the EU.', 'newsnight,paul,mason,hears,allegations,from,illegal,immigrants,morocco,abuse,police,forces,which,partly,funded', '', 'video,illegal,immigrants,morocco,allege,abuse,police,newsnight,paul,mason,hears,allegations,from,forces,which,partly,funded', NULL, '2013-09-05 08:37:11'),
(41, 2, 'http://www.bbc.co.uk/news/world-europe-23955696#sa-ns_mchannel=rss&amp;ns_source=PublicRSS20-sa', '2013-09-04 16:57:39', 'VIDEO: German visit to Nazi atrocity village', 'video,german,visit,nazi,atrocity,village', 'President Joachim Gauck is to become the first senior dignitary from German to visit Oradour-sur-Glane in France, where 642 people were killed by Nazi troops in June 1944.', 'president,joachim,gauck,become,first,senior,dignitary,from,german,visit,oradour,glane,france,where,people,were,killed,nazi,troops,june,1944', '', 'video,german,visit,nazi,atrocity,village,president,joachim,gauck,become,first,senior,dignitary,from,oradour,glane,france,where,people,were,killed,troops,june,1944', NULL, '2013-09-05 08:37:11'),
(42, 2, 'http://www.bbc.co.uk/news/world-us-canada-23955954#sa-ns_mchannel=rss&amp;ns_source=PublicRSS20-sa', '2013-09-05 02:01:24', 'VIDEO: Ariel Castro found hanging in cell', 'video,ariel,castro,found,hanging,cell', 'Ariel Castro, who kept women captive at his home in Cleveland, Ohio, has died after being found hanging in his cell.', 'ariel,castro,kept,women,captive,home,cleveland,ohio,died,after,being,found,hanging,cell', '', 'video,ariel,castro,found,hanging,cell,kept,women,captive,home,cleveland,ohio,died,after,being', NULL, '2013-09-05 08:37:11'),
(43, 2, 'http://www.bbc.co.uk/news/world-latin-america-23956433#sa-ns_mchannel=rss&amp;ns_source=PublicRSS20-sa', '2013-09-04 17:00:55', 'VIDEO: Blackout leaves Venezuela in the dark', 'video,blackout,leaves,venezuela,dark', 'A massive power cut has left 70% of Venezuela without electricity, including parts of the capital Caracas.', 'massive,power,left,venezuela,without,electricity,including,parts,capital,caracas', '', 'video,blackout,leaves,venezuela,dark,massive,power,left,without,electricity,including,parts,capital,caracas', NULL, '2013-09-05 08:37:11'),
(44, 2, 'http://www.bbc.co.uk/news/world-asia-china-23958599#sa-ns_mchannel=rss&amp;ns_source=PublicRSS20-sa', '2013-09-04 16:18:36', 'VIDEO: Vision hope for China eye-gouge boy', 'video,vision,hope,china,gouge', 'Chinese police have said a six-year-old boy whose eyes were gouged out, may have been attacked by his aunt. Doctors are hoping to give him artificial eyes to restore some limited sight.', 'chinese,police,have,said,year,whose,eyes,were,gouged,been,attacked,aunt,doctors,hoping,give,artificial,restore,some,limited,sight', '', 'video,vision,hope,china,gouge,chinese,police,have,said,year,whose,eyes,were,gouged,been,attacked,aunt,doctors,hoping,give,artificial,restore,some,limited,sight', NULL, '2013-09-05 08:37:11'),
(45, 2, 'http://www.bbc.co.uk/news/10462520#sa-ns_mchannel=rss&amp;ns_source=PublicRSS20-sa', '2013-09-05 04:48:39', 'VIDEO: One-minute World News', 'video,minute,world,news', 'Watch the latest news summary from BBC World News. International news updated 24 hours a day.', 'watch,latest,news,summary,from,world,international,updated,hours', '', 'video,minute,world,news,watch,latest,summary,from,international,updated,hours', NULL, '2013-09-05 08:37:11'),
(46, 2, 'http://www.bbc.co.uk/news/world-asia-23810382#sa-ns_mchannel=rss&amp;ns_source=PublicRSS20-sa', '2013-09-05 03:29:41', 'Viewpoint: After Gillard, is gender an election issue?', 'viewpoint,after,gillard,gender,election,issue', 'Is gender an Australian election issue?', 'gender,australian,election,issue', '', 'viewpoint,after,gillard,gender,election,issue,australian', NULL, '2013-09-05 08:37:11'),
(47, 2, 'http://www.bbc.co.uk/news/magazine-23951747#sa-ns_mchannel=rss&amp;ns_source=PublicRSS20-sa', '2013-09-05 03:04:26', 'Can a prison cell ever be suicide-proof?', 'prison,cell,ever,suicide,proof', 'Can a prison cell ever be made truly suicide-proof?', 'prison,cell,ever,made,truly,suicide,proof', '', 'prison,cell,ever,suicide,proof,made,truly', NULL, '2013-09-05 08:37:11'),
(48, 2, 'http://www.bbc.co.uk/news/world-latin-america-23944385#sa-ns_mchannel=rss&amp;ns_source=PublicRSS20-sa', '2013-09-05 03:32:40', 'Andean water &#039;sponges&#039; facing squeeze', 'andean,water,sponges,facing,squeeze', 'Warming Andean grassland puts squeeze on water supplies', 'warming,andean,grassland,puts,squeeze,water,supplies', '', 'andean,water,sponges,facing,squeeze,warming,grassland,puts,supplies', NULL, '2013-09-05 08:37:11'),
(49, 2, 'http://www.bbc.co.uk/news/world-asia-china-23945616#sa-ns_mchannel=rss&amp;ns_source=PublicRSS20-sa', '2013-09-04 16:11:14', 'How real is China&#039;s anti-corruption campaign?', 'real,china,anti,corruption,campaign', 'How far will China&#039;s anti-corruption campaign go?', 'will,china,anti,corruption,campaign', '', 'real,china,anti,corruption,campaign,will', NULL, '2013-09-05 08:37:12'),
(50, 2, 'http://www.bbc.co.uk/news/business-23959892#sa-ns_mchannel=rss&amp;ns_source=PublicRSS20-sa', '2013-09-04 20:27:49', 'Is brutality keeping out immigrants?', 'brutality,keeping,immigrants', 'Morocco accused of human rights breaches over migrants', 'morocco,accused,human,rights,breaches,over,migrants', '', 'brutality,keeping,immigrants,morocco,accused,human,rights,breaches,over,migrants', NULL, '2013-09-05 08:37:12'),
(51, 2, 'http://www.bbc.co.uk/news/business-23931078#sa-ns_mchannel=rss&amp;ns_source=PublicRSS20-sa', '2013-09-04 20:51:26', 'Zombie apocalypse: The future of universities?', 'zombie,apocalypse,future,universities', 'Is a TV show the future of higher education?', 'show,future,higher,education', '', 'zombie,apocalypse,future,universities,show,higher,education', NULL, '2013-09-05 08:37:12'),
(52, 3, 'http://rss.cnn.com/~r/rss/cnn_world/~3/zoHCj0KLjRk/index.html', '2013-05-09 01:03:44', 'Malala&#039;s voice stronger, not silenced', 'malala,voice,stronger,silenced', 'The attack was meant to silence the outspoken teenager who dared to defy the Taliban&#039;s ban against girls in school. Instead, it only made Malala&#039;s voice more powerful. After a school year that started with a shooting, Malala now eyes a summer of speaking at the U.N., telling her story in a new book and amplifying the issue of girls education.\n    \n', 'attack,meant,silence,outspoken,teenager,dared,defy,taliban,against,girls,school,instead,only,made,malala,voice,more,powerful,after,year,that,started,with,shooting,eyes,summer,speaking,telling,story,book,amplifying,issue,education', '', 'malala,voice,stronger,silenced,attack,meant,silence,outspoken,teenager,dared,defy,taliban,against,girls,school,instead,only,made,more,powerful,after,year,that,started,with,shooting,eyes,summer,speaking,telling,story,book,amplifying,issue,education', NULL, '2013-09-05 08:37:12'),
(53, 3, 'http://rss.cnn.com/~r/rss/cnn_world/~3/_QeRHTuZsCM/index.html', '2013-07-04 16:39:36', 'What happened to Malala&#039;s friend?', 'what,happened,malala,friend', 'Today we can tell the remarkable story of Shazia Ramzan, a 15-year-old Pakistani schoolgirl.\n    \n', 'today,tell,remarkable,story,shazia,ramzan,year,pakistani,schoolgirl', '', 'what,happened,malala,friend,today,tell,remarkable,story,shazia,ramzan,year,pakistani,schoolgirl', NULL, '2013-09-05 08:37:12'),
(54, 3, 'http://rss.cnn.com/~r/rss/cnn_world/~3/6QeU-4D4dU4/index.html', '2013-05-01 14:38:35', 'Things I wish I&#039;d known at 15', 'things,wish,known', 'International day of the girl: &#039;To my 15-year-old self&#039;\n    \n', 'international,girl,year,self', '', 'things,wish,known,international,girl,year,self', NULL, '2013-09-05 08:37:12'),
(55, 3, 'http://rss.cnn.com/~r/rss/cnn_world/~3/CoZx3AnFw-k/index.html', '2013-06-18 16:23:41', 'Impact Your World: How to help', 'impact,your,world,help', 'CNN Films&#039; &quot;Girl Rising&quot; tells the stories of girls across the globe and the power of education to change the world. Are you inspired to help the cause of girls&#039; education around the world? You can make an impact in many ways, but by just being aware of the issue, you can spread the word. By acting in your own community, you can make a global difference.\n    \n', 'films,girl,rising,tells,stories,girls,across,globe,power,education,change,world,inspired,help,cause,around,make,impact,many,ways,just,being,aware,issue,spread,word,acting,your,community,global,difference', '', 'impact,your,world,help,films,girl,rising,tells,stories,girls,across,globe,power,education,change,inspired,cause,around,make,many,ways,just,being,aware,issue,spread,word,acting,community,global,difference', NULL, '2013-09-05 08:37:12'),
(56, 3, 'http://rss.cnn.com/~r/rss/cnn_world/~3/uLtGqWaPma0/index.html', '2013-08-23 17:08:36', 'Girls flee bombs, start over in U.S.', 'girls,flee,bombs,start,over', 'Blair Brettschneider didn&#039;t experience war or genocide as a young girl in suburban Michigan. She has never received a death threat, and she has never seen a family member murdered. But the 49 teenagers she helps every week have.\n    \n', 'blair,brettschneider,didn,experience,genocide,young,girl,suburban,michigan,never,received,death,threat,seen,family,member,murdered,teenagers,helps,every,week,have', '', 'girls,flee,bombs,start,over,blair,brettschneider,didn,experience,genocide,young,girl,suburban,michigan,never,received,death,threat,seen,family,member,murdered,teenagers,helps,every,week,have', NULL, '2013-09-05 08:37:12'),
(57, 3, 'http://rss.cnn.com/~r/rss/cnn_world/~3/Red-tpOC3H0/index.html', '2013-08-16 00:58:14', 'He does the dirty work for charities', 'does,dirty,work,charities', 'CNN Hero Judson Kinnucan collects donated goods in Chicago and distributes them to charities in need.\n    \n', 'hero,judson,kinnucan,collects,donated,goods,chicago,distributes,them,charities,need', '', 'does,dirty,work,charities,hero,judson,kinnucan,collects,donated,goods,chicago,distributes,them,need', NULL, '2013-09-05 08:37:12'),
(58, 3, 'http://rss.cnn.com/~r/rss/cnn_world/~3/xUEsssHY3wA/index.html', '2013-08-05 17:02:38', 'Doctor gives free weekend surgeries', 'doctor,gives,free,weekend,surgeries', 'In Cameroon, there is only one doctor for every 5,000 people, according to the World Health Organization. Seeing his father and so many of his countrymen suffer, Georges Bwelle was determined to do something about it.\n    \n', 'cameroon,there,only,doctor,every,5000,people,according,world,health,organization,seeing,father,many,countrymen,suffer,georges,bwelle,determined,something,about', '', 'doctor,gives,free,weekend,surgeries,cameroon,there,only,every,5000,people,according,world,health,organization,seeing,father,many,countrymen,suffer,georges,bwelle,determined,something,about', NULL, '2013-09-05 08:37:12'),
(59, 3, 'http://rss.cnn.com/~r/rss/cnn_world/~3/T5il-wkaaeE/index.html', '2013-07-26 00:34:05', 'Dropped off at Grandma&#039;s ... for good', 'dropped,grandma,good', 'It&#039;s often the grandparents who step up when a parent dies or is unable to take care of a child for other reasons, such as incarceration, abuse or mental illness. But the sudden shift in responsibility can be incredibly stressful.\n    \n', 'often,grandparents,step,when,parent,dies,unable,take,care,child,other,reasons,such,incarceration,abuse,mental,illness,sudden,shift,responsibility,incredibly,stressful', '', 'dropped,grandma,good,often,grandparents,step,when,parent,dies,unable,take,care,child,other,reasons,such,incarceration,abuse,mental,illness,sudden,shift,responsibility,incredibly,stressful', NULL, '2013-09-05 08:37:12'),
(60, 3, 'http://rss.cnn.com/~r/rss/cnn_world/~3/mq00FLYqvfQ/index.html', '2013-07-22 17:14:50', 'Escaping New Orleans&#039; mean streets', 'escaping,orleans,mean,streets', 'Nearly 30 years ago, Lisa Fitzpatrick was the target of a gang initiation.\n    \n', 'nearly,years,lisa,fitzpatrick,target,gang,initiation', '', 'escaping,orleans,mean,streets,nearly,years,lisa,fitzpatrick,target,gang,initiation', NULL, '2013-09-05 08:37:12'),
(61, 3, 'http://rss.cnn.com/~r/rss/cnn_world/~3/fN2gx5LhHVo/index.html', '2013-06-14 01:52:43', 'When cooking can kill', 'when,cooking,kill', 'For nearly half of the world&#039;s population, building and maintaining a fire is a daily -- and often deadly -- chore.\n    \n', 'nearly,half,world,population,building,maintaining,fire,daily,often,deadly,chore', '', 'when,cooking,kill,nearly,half,world,population,building,maintaining,fire,daily,often,deadly,chore', NULL, '2013-09-05 08:37:12'),
(62, 3, 'http://rss.cnn.com/~r/rss/cnn_world/~3/6Z84WrqdCVI/index.html', '2013-09-04 16:36:01', 'China cracks down on mooncakes', 'china,cracks,down,mooncakes', 'Presenting mooncakes to relatives and business associates may be an integral part of China&#039;s Mid-Autumn Festival celebrations, but a new law aims to dampen the spirit of mooncake giving -- at least among government officials.\n    \n', 'presenting,mooncakes,relatives,business,associates,integral,part,china,autumn,festival,celebrations,aims,dampen,spirit,mooncake,giving,least,among,government,officials', '', 'china,cracks,down,mooncakes,presenting,relatives,business,associates,integral,part,autumn,festival,celebrations,aims,dampen,spirit,mooncake,giving,least,among,government,officials', NULL, '2013-09-05 08:37:12'),
(63, 3, 'http://rss.cnn.com/~r/rss/cnn_world/~3/uH5buYM12hc/index.html', '2013-09-04 16:35:52', 'Red Bull heir may be arrested', 'bull,heir,arrested', 'Thai prosecutors were poised to issue an arrest warrant Tuesday for the grandson of the creator of the Red Bull energy drink who failed to appear in court this week over a fatal hit-and-run case that sparked nationwide anger.\n    \n', 'thai,prosecutors,were,poised,issue,arrest,warrant,tuesday,grandson,creator,bull,energy,drink,failed,appear,court,this,week,over,fatal,case,that,sparked,nationwide,anger', '', 'bull,heir,arrested,thai,prosecutors,were,poised,issue,arrest,warrant,tuesday,grandson,creator,energy,drink,failed,appear,court,this,week,over,fatal,case,that,sparked,nationwide,anger', NULL, '2013-09-05 08:37:12'),
(64, 3, 'http://rss.cnn.com/~r/rss/cnn_world/~3/pNh3nV00Txo/index.html', '2013-09-02 18:04:51', 'Report: Drug epidemic in North Korea', 'report,drug,epidemic,north,korea', 'North Korea&#039;s sanction-hit regime has long been accused of drug trafficking as a source of hard currency, but a new report claims drug producers are finding a ready market closer to home and that as many as two-thirds of North Koreans have used methamphetamines.\n    \n', 'north,korea,sanction,regime,long,been,accused,drug,trafficking,source,hard,currency,report,claims,producers,finding,ready,market,closer,home,that,many,thirds,koreans,have,used,methamphetamines', '', 'report,drug,epidemic,north,korea,sanction,regime,long,been,accused,trafficking,source,hard,currency,claims,producers,finding,ready,market,closer,home,that,many,thirds,koreans,have,used,methamphetamines', NULL, '2013-09-05 08:37:12'),
(65, 3, 'http://rss.cnn.com/~r/rss/cnn_world/~3/CImUjonEfy4/index.html', '2013-08-09 14:29:11', 'The simple pleasures of Eid', 'simple,pleasures', 'For the world&#039;s Muslims, the festival of Eid al-Fitr is a perfect conclusion to Ramadan -- the month-long period of fasting and contemplation practiced by observers of Islam around the globe. One of the most festive periods in the religion&#039;s calendar, Eid is often commemorated with large feasts, family-time, and through charitable acts and donations.\n    \n', 'world,muslims,festival,fitr,perfect,conclusion,ramadan,month,long,period,fasting,contemplation,practiced,observers,islam,around,globe,most,festive,periods,religion,calendar,often,commemorated,with,large,feasts,family,time,through,charitable,acts,donations', '', 'simple,pleasures,world,muslims,festival,fitr,perfect,conclusion,ramadan,month,long,period,fasting,contemplation,practiced,observers,islam,around,globe,most,festive,periods,religion,calendar,often,commemorated,with,large,feasts,family,time,through,charitable,acts,donations', NULL, '2013-09-05 08:37:12'),
(66, 3, 'http://rss.cnn.com/~r/rss/cnn_world/~3/0pcJBg17Qhg/index.html', '2013-07-15 15:48:57', 'World&#039;s best fireworks displays', 'world,best,fireworks,displays', 'From Bastille Day and 4th July to Chinese New Year and Disney Land, your shots of the world&#039;s greatest fireworks.\n    \n', 'from,bastille,july,chinese,year,disney,land,your,shots,world,greatest,fireworks', '', 'world,best,fireworks,displays,from,bastille,july,chinese,year,disney,land,your,shots,greatest', NULL, '2013-09-05 08:37:12'),
(67, 3, 'http://rss.cnn.com/~r/rss/cnn_world/~3/h0Kk48INMX0/index.html', '2013-06-21 14:35:52', 'Your solstice traditions ', 'your,solstice,traditions', 'If Stonehenge is anything to go by, summer celebrations have a millennia-old history. While the ancient druids may have commemorated the fertility of the season, many of us are just happy to get outdoors.\n    \n', 'stonehenge,anything,summer,celebrations,have,millennia,history,while,ancient,druids,commemorated,fertility,season,many,just,happy,outdoors', '', 'your,solstice,traditions,stonehenge,anything,summer,celebrations,have,millennia,history,while,ancient,druids,commemorated,fertility,season,many,just,happy,outdoors', NULL, '2013-09-05 08:37:12'),
(68, 3, 'http://rss.cnn.com/~r/rss/cnn_world/~3/2rLR5-Kx9-Y/index.html', '2013-08-29 16:44:08', 'Surgeons shrink child&#039;s head', 'surgeons,shrink,child,head', 'The pictures may be difficult to look at, but 18-month-old Roona Begum&#039;s story of survival is remarkable.\n    \n', 'pictures,difficult,look,month,roona,begum,story,survival,remarkable', '', 'surgeons,shrink,child,head,pictures,difficult,look,month,roona,begum,story,survival,remarkable', NULL, '2013-09-05 08:37:12'),
(69, 3, 'http://rss.cnn.com/~r/rss/cnn_world/~3/PXQGoF1djbk/index.html', '2013-08-30 16:21:46', '&#039;Megacanyon&#039; found beneath ice', 'megacanyon,found,beneath', 'British and American scientists watching Greenland&#039;s massive ice sheet have found what appears to be a 460-mile &quot;megacanyon&quot; far beneath the frozen surface of the world&#039;s largest island.\n    \n', 'british,american,scientists,watching,greenland,massive,sheet,have,found,what,appears,mile,megacanyon,beneath,frozen,surface,world,largest,island', '', 'megacanyon,found,beneath,british,american,scientists,watching,greenland,massive,sheet,have,what,appears,mile,frozen,surface,world,largest,island', NULL, '2013-09-05 08:37:12'),
(70, 3, 'http://rss.cnn.com/~r/rss/cnn_world/~3/3GW3fYT66jY/index.html', '2013-09-02 18:33:22', 'India and rape: Women speak out', 'india,rape,women,speak', 'When Michaela Cross, a U.S. student at the University of Chicago, posted a CNN iReport about the sexual harassment she says she experienced during a study abroad trip in India, the response was overwhelming.\n    \n', 'when,michaela,cross,student,university,chicago,posted,ireport,about,sexual,harassment,says,experienced,during,study,abroad,trip,india,response,overwhelming', '', 'india,rape,women,speak,when,michaela,cross,student,university,chicago,posted,ireport,about,sexual,harassment,says,experienced,during,study,abroad,trip,response,overwhelming', NULL, '2013-09-05 08:37:12'),
(71, 3, 'http://rss.cnn.com/~r/rss/cnn_world/~3/3_eWyp1yKb4/nr-taiwan-car-caught-in-landslide.cnn.html', '2013-09-02 18:30:59', 'Car nearly crushed in landslide', 'nearly,crushed,landslide', 'A driver in Taiwan is lucky to be alive after being caught in a landslide, coming within inches of being crushed.\n    \n', 'driver,taiwan,lucky,alive,after,being,caught,landslide,coming,within,inches,crushed', '', 'nearly,crushed,landslide,driver,taiwan,lucky,alive,after,being,caught,coming,within,inches', NULL, '2013-09-05 08:37:12'),
(72, 3, 'http://rss.cnn.com/~r/rss/cnn_world/~3/wNemLik8Qfc/index.html', '2013-09-03 00:08:34', 'World War II: By the numbers', 'world,numbers', 'When Germany invaded Poland on September 1, 1939, it was the second time the world went to war. With the Japanese surrender on September 2, 1945, World War II was over.\n    \n', 'when,germany,invaded,poland,september,1939,second,time,world,went,with,japanese,surrender,1945,over', '', 'world,numbers,when,germany,invaded,poland,september,1939,second,time,went,with,japanese,surrender,1945,over', NULL, '2013-09-05 08:37:12'),
(73, 3, 'http://rss.cnn.com/~r/rss/cnn_world/~3/4nqNdez1CSg/index.html', '2013-08-22 19:49:30', 'How to lift a capsized ship', 'lift,capsized,ship', 'It&#039;s been 19 months since the Costa Concordia, one of the largest cruise liners ever built, ran aground off the west coast of Italy, killing 32 passengers and capsizing after granite rock tore a 50-meter hole in the ship&#039;s hull.\n    \n', 'been,months,since,costa,concordia,largest,cruise,liners,ever,built,aground,west,coast,italy,killing,passengers,capsizing,after,granite,rock,tore,meter,hole,ship,hull', '', 'lift,capsized,ship,been,months,since,costa,concordia,largest,cruise,liners,ever,built,aground,west,coast,italy,killing,passengers,capsizing,after,granite,rock,tore,meter,hole,hull', NULL, '2013-09-05 08:37:12'),
(74, 3, 'http://rss.cnn.com/~r/rss/cnn_world/~3/uOvbcbgypdQ/exp-russia-navy-hovercraft-lands-on-beach.cnn.html', '2013-08-22 19:27:21', 'Hovercraft shocks beachgoers', 'hovercraft,shocks,beachgoers', 'Sunbathers and sandcastle builders are surprised when a military hovercraft lands at a holiday resort in Russia.\n    \n', 'sunbathers,sandcastle,builders,surprised,when,military,hovercraft,lands,holiday,resort,russia', '', 'hovercraft,shocks,beachgoers,sunbathers,sandcastle,builders,surprised,when,military,lands,holiday,resort,russia', NULL, '2013-09-05 08:37:12'),
(75, 3, 'http://rss.cnn.com/~r/rss/cnn_world/~3/1IyMu3bzW_8/index.html', '2013-08-23 17:50:01', 'Prince William talks baby, fatherhood', 'prince,william,talks,baby,fatherhood', 'In his first official interview after the birth of his son, Prince William told CNN&#039;s Max Foster that young George is already quite a character. &quot;He&#039;s a little bit of a rascal,&quot; William said.\n    \n', 'first,official,interview,after,birth,prince,william,told,foster,that,young,george,already,quite,character,little,rascal,said', '', 'prince,william,talks,baby,fatherhood,first,official,interview,after,birth,told,foster,that,young,george,already,quite,character,little,rascal,said', NULL, '2013-09-05 08:37:12'),
(76, 3, 'http://rss.cnn.com/~r/rss/cnn_world/~3/K53ksb0GU5A/index.html', '2013-08-21 15:19:08', 'Is this the world&#039;s oldest person?', 'this,world,oldest,person', 'The year was 1890. Pyotr Ilyich Tchaikovsky premiered his Sleeping Beauty ballet in St. Petersburg. Vincent van Gogh ended his life, apparently by shooting himself. And Idaho and Wyoming became the 43rd and 44th states of the United States.\n    \n', 'year,1890,pyotr,ilyich,tchaikovsky,premiered,sleeping,beauty,ballet,petersburg,vincent,gogh,ended,life,apparently,shooting,himself,idaho,wyoming,became,43rd,44th,states,united', '', 'this,world,oldest,person,year,1890,pyotr,ilyich,tchaikovsky,premiered,sleeping,beauty,ballet,petersburg,vincent,gogh,ended,life,apparently,shooting,himself,idaho,wyoming,became,43rd,44th,states,united', NULL, '2013-09-05 08:37:12'),
(77, 3, 'http://rss.cnn.com/~r/rss/cnn_world/~3/I89FKRLg-sc/index.html', '2013-08-20 20:37:50', 'Legalization: The Uruguay model', 'legalization,uruguay,model', 'Views on marijuana are shifting, but nearly everywhere, it is too early to talk about substantive changes to drug policies.\n    \n', 'views,marijuana,shifting,nearly,everywhere,early,talk,about,substantive,changes,drug,policies', '', 'legalization,uruguay,model,views,marijuana,shifting,nearly,everywhere,early,talk,about,substantive,changes,drug,policies', NULL, '2013-09-05 08:37:12'),
(78, 3, 'http://rss.cnn.com/~r/rss/cnn_world/~3/uL4MZ7IkvSE/index.html', '2013-09-02 18:46:37', 'New mammal discovered', 'mammal,discovered', 'A small mammal with fluffy red-orange fur, a short bushy tail, and an adorable rounded face has leapt onto the raccoon family tree.\n    \n', 'small,mammal,with,fluffy,orange,short,bushy,tail,adorable,rounded,face,leapt,onto,raccoon,family,tree', '', 'mammal,discovered,small,with,fluffy,orange,short,bushy,tail,adorable,rounded,face,leapt,onto,raccoon,family,tree', NULL, '2013-09-05 08:37:12'),
(79, 3, 'http://rss.cnn.com/~r/rss/cnn_world/~3/SndaxzTvnM4/pkg-lee-egypt-battle-for-identity.cnn.html', '2013-08-20 17:32:43', 'Egypt: A country divided', 'egypt,country,divided', 'CNN&#039;s Ian Lee reports on both sides of the battle for power in Egypt.\n    \n', 'reports,both,sides,battle,power,egypt', '', 'egypt,country,divided,reports,both,sides,battle,power', NULL, '2013-09-05 08:37:12'),
(80, 3, 'http://rss.cnn.com/~r/rss/cnn_world/~3/wIdwISCj5hc/index.html', '2013-08-23 20:00:39', 'India teens fight back against rape ', 'india,teens,fight,back,against,rape', 'In a dusty, run-down neighborhood on the outskirts of Lucknow, the capital of one of India&#039;s poorest and most conservative states, Uttar Pradesh, a vigilante group is making a name for itself.\n    \n', 'dusty,down,neighborhood,outskirts,lucknow,capital,india,poorest,most,conservative,states,uttar,pradesh,vigilante,group,making,name,itself', '', 'india,teens,fight,back,against,rape,dusty,down,neighborhood,outskirts,lucknow,capital,poorest,most,conservative,states,uttar,pradesh,vigilante,group,making,name,itself', NULL, '2013-09-05 08:37:12'),
(81, 3, 'http://rss.cnn.com/~r/rss/cnn_world/~3/A1XX-0ccAMk/index.html', '2013-08-20 16:34:00', 'Testicle-biting fish? It was a joke', 'testicle,biting,fish,joke', 'It is safe to go back into the water again -- at least in Scandinavia.\n    \n', 'safe,back,into,water,again,least,scandinavia', '', 'testicle,biting,fish,joke,safe,back,into,water,again,least,scandinavia', NULL, '2013-09-05 08:37:12');
INSERT INTO `posts` (`id`, `feed_id`, `link`, `pubdate`, `title`, `title_words`, `description`, `description_words`, `article`, `title_description_words`, `updated_on`, `created_on`) VALUES
(82, 3, 'http://rss.cnn.com/~r/rss/cnn_world/~3/Pi6-7rBXRA4/index.html', '2013-08-15 17:25:16', 'Tough life for Nepal child workers', 'tough,life,nepal,child,workers', 'To see her playing with her friends, Maya Lama seems much like any other child.\n    \n', 'playing,with,friends,maya,lama,seems,much,like,other,child', '', 'tough,life,nepal,child,workers,playing,with,friends,maya,lama,seems,much,like,other', NULL, '2013-09-05 08:37:12'),
(83, 3, 'http://rss.cnn.com/~r/rss/cnn_world/~3/Mc4z1MGzscU/index.html', '2013-08-14 17:05:55', 'Rooftop mountain may have to go', 'rooftop,mountain,have', 'A bizarre mountain retreat built on top of a 26-floor Beijing residential building faces demolition after complaints by residents.\n    \n', 'bizarre,mountain,retreat,built,floor,beijing,residential,building,faces,demolition,after,complaints,residents', '', 'rooftop,mountain,have,bizarre,retreat,built,floor,beijing,residential,building,faces,demolition,after,complaints,residents', NULL, '2013-09-05 08:37:12'),
(84, 3, 'http://rss.cnn.com/~r/rss/cnn_world/~3/zpy-j7JNHKs/exp-erin-pkg-starr-aq-leader-vows-prison-break.cnn.html', '2013-08-13 16:09:15', 'Al Qaeda leader vows prison break', 'qaeda,leader,vows,prison,break', 'An al Qaeda leader said in a statement that al Qaeda members in prison would be freed soon. Barbara Starr reports.\n    \n', 'qaeda,leader,said,statement,that,members,prison,would,freed,soon,barbara,starr,reports', '', 'qaeda,leader,vows,prison,break,said,statement,that,members,would,freed,soon,barbara,starr,reports', NULL, '2013-09-05 08:37:12'),
(85, 3, 'http://rss.cnn.com/~r/rss/cnn_world/~3/clPbtRIuTPU/index.html', '2013-08-08 16:11:07', 'Boy: Kangaroo saved me', 'kangaroo,saved', 'A seven-year-old boy who spent a winter&#039;s night lost in chilly conditions in the Australian bush says a friendly kangaroo is the reason he survived.\n    \n', 'seven,year,spent,winter,night,lost,chilly,conditions,australian,bush,says,friendly,kangaroo,reason,survived', '', 'kangaroo,saved,seven,year,spent,winter,night,lost,chilly,conditions,australian,bush,says,friendly,reason,survived', NULL, '2013-09-05 08:37:13'),
(86, 3, 'http://rss.cnn.com/~r/rss/cnn_world/~3/Vx5XkMonjMQ/index.html', '2013-09-04 19:13:20', 'Putin: Need proof on chemical weapons', 'putin,need,proof,chemical,weapons', 'Russian President Vladimir Putin said he &quot;doesn&#039;t exclude&quot; supporting a U.N. resolution on military strikes if there&#039;s proof that the regime used poison gas. But he cautioned against the U.S. striking without one.\n    \n', 'russian,president,vladimir,putin,said,doesn,exclude,supporting,resolution,military,strikes,there,proof,that,regime,used,poison,cautioned,against,striking,without', '', 'putin,need,proof,chemical,weapons,russian,president,vladimir,said,doesn,exclude,supporting,resolution,military,strikes,there,that,regime,used,poison,cautioned,against,striking,without', NULL, '2013-09-05 08:37:13'),
(87, 3, 'http://rss.cnn.com/~r/rss/cnn_world/~3/nNILIiYnnYg/index.html', '2013-08-29 16:17:53', 'Rio&#039;s &#039;Big brother&#039; tech', 'brother,tech', 'Rio de Janeiro&#039;s state-of-the-art Operations Center is gathering real-time information on traffic jams and environmental emergencies around the clock. It&#039;s part of the mayor&#039;s vision to make the city safer and more sustainable.\n    \n', 'janeiro,state,operations,center,gathering,real,time,information,traffic,jams,environmental,emergencies,around,clock,part,mayor,vision,make,city,safer,more,sustainable', '', 'brother,tech,janeiro,state,operations,center,gathering,real,time,information,traffic,jams,environmental,emergencies,around,clock,part,mayor,vision,make,city,safer,more,sustainable', NULL, '2013-09-05 08:37:13'),
(88, 3, 'http://rss.cnn.com/~r/rss/cnn_world/~3/Eg4m1CxfcoY/index.html', '2013-08-22 16:32:15', 'Bloomberg on climate change', 'bloomberg,climate,change', 'For the first time in human history, more than half the world&#039;s population is living in cities, which now produce approximately 70 percent of global greenhouse gas emissions. That puts cities on the frontlines of the battle against climate change -- and more and more cities are leading the charge.\n    \n', 'first,time,human,history,more,than,half,world,population,living,cities,which,produce,approximately,percent,global,greenhouse,emissions,that,puts,frontlines,battle,against,climate,change,leading,charge', '', 'bloomberg,climate,change,first,time,human,history,more,than,half,world,population,living,cities,which,produce,approximately,percent,global,greenhouse,emissions,that,puts,frontlines,battle,against,leading,charge', NULL, '2013-09-05 08:37:13'),
(89, 3, 'http://rss.cnn.com/~r/rss/cnn_world/~3/sbWltLm8QBg/index.html', '2013-09-03 16:11:55', 'Dennis Rodman returns to N. Korea', 'dennis,rodman,returns,korea', 'Former basketball star Dennis Rodman arrived in Pyongyang Tuesday on a five-day visit amid speculation he may try to negotiate the release of jailed U.S. citizen Kenneth Bae, China&#039;s Xinhua news agency reported.\n    \n', 'former,basketball,star,dennis,rodman,arrived,pyongyang,tuesday,five,visit,amid,speculation,negotiate,release,jailed,citizen,kenneth,china,xinhua,news,agency,reported', '', 'dennis,rodman,returns,korea,former,basketball,star,arrived,pyongyang,tuesday,five,visit,amid,speculation,negotiate,release,jailed,citizen,kenneth,china,xinhua,news,agency,reported', NULL, '2013-09-05 08:37:13'),
(90, 3, 'http://rss.cnn.com/~r/rss/cnn_world/~3/WWQlXzE-dik/index.html', '2013-09-03 16:29:40', 'Historic swim from Cuba to Florida', 'historic,swim,from,cuba,florida', 'Diana Nyad was less than 10 miles shy Monday morning of reaching a goal she&#039;s been chasing for 35 years.\n    \n', 'diana,nyad,less,than,miles,monday,morning,reaching,goal,been,chasing,years', '', 'historic,swim,from,cuba,florida,diana,nyad,less,than,miles,monday,morning,reaching,goal,been,chasing,years', NULL, '2013-09-05 08:37:13'),
(91, 3, 'http://rss.cnn.com/~r/rss/cnn_world/~3/nwj8e25jkV0/index.html', '2013-09-03 16:28:27', 'Reflected light melts London car', 'reflected,light,melts,london', 'Never mind the traffic, car owners in London have a new hazard to worry about: A skyscraper whose reflected rays have the power to melt cars.\n    \n', 'never,mind,traffic,owners,london,have,hazard,worry,about,skyscraper,whose,reflected,rays,power,melt,cars', '', 'reflected,light,melts,london,never,mind,traffic,owners,have,hazard,worry,about,skyscraper,whose,rays,power,melt,cars', NULL, '2013-09-05 08:37:13'),
(92, 3, 'http://rss.cnn.com/~r/rss/cnn_world/~3/61piL5rpv7E/index.html', '2013-09-03 21:08:21', '$46 painting really worth $390,000', 'painting,really,worth,390000', 'A postcard-sized painting bought as part of a job lot for $46 has been identified as work by John Constable worth more than $390,000.\n    \n', 'postcard,sized,painting,bought,part,been,identified,work,john,constable,worth,more,than,390000', '', 'painting,really,worth,390000,postcard,sized,bought,part,been,identified,work,john,constable,more,than', NULL, '2013-09-05 08:37:13'),
(93, 3, 'http://rss.cnn.com/~r/rss/cnn_world/~3/x95VMdmyxCU/index.html', '2013-09-04 23:09:28', 'Why Fukushima is still toxic', 'fukushima,still,toxic', 'More than two years on from the worst nuclear disaster in a quarter of a century, the situation at Japan&#039;s stricken Fukushima Daiichi nuclear power plant remains toxic, prompting the Japanese government to announce new measures to attempt to deal with radioactive leaks.\n    \n', 'more,than,years,from,worst,nuclear,disaster,quarter,century,situation,japan,stricken,fukushima,daiichi,power,plant,remains,toxic,prompting,japanese,government,announce,measures,attempt,deal,with,radioactive,leaks', '', 'fukushima,still,toxic,more,than,years,from,worst,nuclear,disaster,quarter,century,situation,japan,stricken,daiichi,power,plant,remains,prompting,japanese,government,announce,measures,attempt,deal,with,radioactive,leaks', NULL, '2013-09-05 08:37:13'),
(94, 3, 'http://rss.cnn.com/~r/rss/cnn_world/~3/mLHj6hTgr04/index.html', '2013-09-04 23:19:00', 'What&#039;s the evidence in Syria?', 'what,evidence,syria', 'U.S. Secretary of State John Kerry calls it proof &quot;beyond any reasonable doubt.&quot; Defense Secretary Chuck Hagel says it&#039;s &quot;very clear.&quot;\n    \n', 'secretary,state,john,kerry,calls,proof,beyond,reasonable,doubt,defense,chuck,hagel,says,very,clear', '', 'what,evidence,syria,secretary,state,john,kerry,calls,proof,beyond,reasonable,doubt,defense,chuck,hagel,says,very,clear', NULL, '2013-09-05 08:37:13'),
(95, 3, 'http://rss.cnn.com/~r/rss/cnn_world/~3/sbWltLm8QBg/index.html', '2013-09-04 23:09:23', 'Rodman back in North Korea', 'rodman,back,north,korea', 'Former basketball star Dennis Rodman arrived in Pyongyang Tuesday on a five-day visit amid speculation he may try to negotiate the release of jailed U.S. citizen Kenneth Bae, China&#039;s Xinhua news agency reported.\n    \n', 'former,basketball,star,dennis,rodman,arrived,pyongyang,tuesday,five,visit,amid,speculation,negotiate,release,jailed,citizen,kenneth,china,xinhua,news,agency,reported', '', 'rodman,back,north,korea,former,basketball,star,dennis,arrived,pyongyang,tuesday,five,visit,amid,speculation,negotiate,release,jailed,citizen,kenneth,china,xinhua,news,agency,reported', NULL, '2013-09-05 08:37:13'),
(96, 3, 'http://rss.cnn.com/~r/rss/cnn_world/~3/aMzCgT_xzHU/newday-soares-uk-melting-building.cnn.html', '2013-09-03 16:44:04', 'Reflected light melts London car', 'reflected,light,melts,london', 'A new skyscraper in London is being blamed for reflecting light that melted parts of a car parked nearby.\n    \n', 'skyscraper,london,being,blamed,reflecting,light,that,melted,parts,parked,nearby', '', 'reflected,light,melts,london,skyscraper,being,blamed,reflecting,that,melted,parts,parked,nearby', NULL, '2013-09-05 08:37:13'),
(97, 3, 'http://rss.cnn.com/~r/rss/cnn_world/~3/oiqnEs2GWK8/cnnheroes-nominate.cnn.html', '2013-06-27 15:07:51', 'How to nominate a CNN Hero', 'nominate,hero', 'A CNN Hero&#039;s journey to global recognition begins with a nomination by someone who&#039;s been touched by their efforts.\n    \n', 'hero,journey,global,recognition,begins,with,nomination,someone,been,touched,their,efforts', '', 'nominate,hero,journey,global,recognition,begins,with,nomination,someone,been,touched,their,efforts', NULL, '2013-09-05 08:37:13'),
(98, 3, 'http://rss.cnn.com/~r/rss/cnn_world/~3/d2vE1rCKrps/index.html', '2013-06-27 15:13:58', 'Last year&#039;s top ten', 'last,year', 'The top 10 Heroes: In their own words\n    \n', 'heroes,their,words', '', 'last,year,heroes,their,words', NULL, '2013-09-05 08:37:13'),
(99, 3, 'http://rss.cnn.com/~r/rss/cnn_world/~3/Wo0KU-JDnhU/index.html', '2013-09-04 16:07:01', 'Radiation level spikes at Fukushima plant', 'radiation,level,spikes,fukushima,plant', 'Radiation readings near tanks holding toxic water at Japan&#039;s crippled nuclear power plant have jumped to a new high, the plant operator said Wednesday.\n    \n', 'radiation,readings,near,tanks,holding,toxic,water,japan,crippled,nuclear,power,plant,have,jumped,high,operator,said,wednesday', '', 'radiation,level,spikes,fukushima,plant,readings,near,tanks,holding,toxic,water,japan,crippled,nuclear,power,have,jumped,high,operator,said,wednesday', NULL, '2013-09-05 08:37:13'),
(100, 3, 'http://rss.cnn.com/~r/rss/cnn_world/~3/XY8PqgQ42qo/index.html', '2013-09-04 16:10:21', 'Egypt rethinking who its &#039;real friends&#039; are, president says', 'egypt,rethinking,real,friends,president,says', 'Egypt is reconsidering its ties with countries that haven&#039;t been supportive of the government that the military installed after ousting the country&#039;s first democratically elected president, the interim president said.\n    \n', 'egypt,reconsidering,ties,with,countries,that,haven,been,supportive,government,military,installed,after,ousting,country,first,democratically,elected,president,interim,said', '', 'egypt,rethinking,real,friends,president,says,reconsidering,ties,with,countries,that,haven,been,supportive,government,military,installed,after,ousting,country,first,democratically,elected,interim,said', NULL, '2013-09-05 08:37:13'),
(101, 3, 'http://rss.cnn.com/~r/rss/cnn_world/~3/GB9T8MbrpYg/index.html', '2013-09-05 00:43:26', 'Report: Vigilante targeting Mexican bus drivers', 'report,vigilante,targeting,mexican,drivers', 'She calls herself &quot;Diana, the Hunter.&quot; Authorities say the elusive woman has killed at least two bus drivers in Ciudad Juarez, Mexico. Media report that they have received e-mails from the suspect, claiming the killings were to avenge women who have been raped by bus drivers.\n    \n', 'calls,herself,diana,hunter,authorities,elusive,woman,killed,least,drivers,ciudad,juarez,mexico,media,report,that,they,have,received,mails,from,suspect,claiming,killings,were,avenge,women,been,raped', '', 'report,vigilante,targeting,mexican,drivers,calls,herself,diana,hunter,authorities,elusive,woman,killed,least,ciudad,juarez,mexico,media,that,they,have,received,mails,from,suspect,claiming,killings,were,avenge,women,been,raped', NULL, '2013-09-05 08:37:13'),
(102, 3, 'http://rss.cnn.com/~r/rss/cnn_world/~3/iaXLZqsfYRI/index.html', '2013-09-04 23:01:37', 'Pope pulls ambassador to Dominican Republic', 'pope,pulls,ambassador,dominican,republic', 'The pope has pulled out the Vatican&#039;s ambassador to the Dominican Republic, a move a local church representative says is linked to child abuse allegations.\n    \n', 'pope,pulled,vatican,ambassador,dominican,republic,move,local,church,representative,says,linked,child,abuse,allegations', '', 'pope,pulls,ambassador,dominican,republic,pulled,vatican,move,local,church,representative,says,linked,child,abuse,allegations', NULL, '2013-09-05 08:37:13'),
(103, 3, 'http://rss.cnn.com/~r/rss/cnn_world/~3/CtBZ7F0g2r0/index.html', '2013-09-04 16:22:12', 'Chinese police: Boy&#039;s aunt is prime suspect in eye gouging', 'chinese,police,aunt,prime,suspect,gouging', 'Chinese police say the late aunt of a young boy whose eyes were gouged out is the prime suspect in the horrific attack, state media news agency Xinhua reports.\n    \n', 'chinese,police,late,aunt,young,whose,eyes,were,gouged,prime,suspect,horrific,attack,state,media,news,agency,xinhua,reports', '', 'chinese,police,aunt,prime,suspect,gouging,late,young,whose,eyes,were,gouged,horrific,attack,state,media,news,agency,xinhua,reports', NULL, '2013-09-05 08:37:13'),
(104, 3, 'http://rss.cnn.com/~r/rss/cnn_world/~3/km85JS_vPe8/index.html', '2013-09-04 16:14:20', 'Refugee fights indefinite detention in Australia', 'refugee,fights,indefinite,detention,australia', 'A refugee and mother of three young boys who is being held in indefinite detention in Australia has two days to convince the country&#039;s highest court why she should be freed.\n    \n', 'refugee,mother,three,young,boys,being,held,indefinite,detention,australia,days,convince,country,highest,court,should,freed', '', 'refugee,fights,indefinite,detention,australia,mother,three,young,boys,being,held,days,convince,country,highest,court,should,freed', NULL, '2013-09-05 08:37:13'),
(105, 3, 'http://rss.cnn.com/~r/rss/cnn_world/~3/mgjesFE4WYY/index.html', '2013-09-03 16:33:38', 'Afghan police deaths have doubled since handover', 'afghan,police,deaths,have,doubled,since,handover', 'Police deaths in Afghanistan have doubled this year after NATO forces handed over security responsibility to poorly equipped and poorly trained local security forces.\n    \n', 'police,deaths,afghanistan,have,doubled,this,year,after,nato,forces,handed,over,security,responsibility,poorly,equipped,trained,local', '', 'afghan,police,deaths,have,doubled,since,handover,afghanistan,this,year,after,nato,forces,handed,over,security,responsibility,poorly,equipped,trained,local', NULL, '2013-09-05 08:37:13'),
(106, 3, 'http://rss.cnn.com/~r/rss/cnn_world/~3/A19oudMRBeY/index.html', '2013-09-03 16:22:04', 'Brazil, Mexico summon U.S. ambassadors over espionage reports', 'brazil,mexico,summon,ambassadors,over,espionage,reports', 'Brazil and Mexico summoned U.S. ambassadors Monday after media reports that the United States had spied on their countries&#039; presidents.\n    \n', 'brazil,mexico,summoned,ambassadors,monday,after,media,reports,that,united,states,spied,their,countries,presidents', '', 'brazil,mexico,summon,ambassadors,over,espionage,reports,summoned,monday,after,media,that,united,states,spied,their,countries,presidents', NULL, '2013-09-05 08:37:13'),
(107, 3, 'http://rss.cnn.com/~r/rss/cnn_world/~3/illYu9y24RE/index.html', '2013-09-02 20:49:39', 'Saudi Arabia approves ban on domestic violence', 'saudi,arabia,approves,domestic,violence', 'Human rights campaigners have welcomed a landmark decision in Saudi Arabia designed to combat domestic violence.\n    \n', 'human,rights,campaigners,have,welcomed,landmark,decision,saudi,arabia,designed,combat,domestic,violence', '', 'saudi,arabia,approves,domestic,violence,human,rights,campaigners,have,welcomed,landmark,decision,designed,combat', NULL, '2013-09-05 08:37:13'),
(108, 3, 'http://rss.cnn.com/~r/rss/cnn_world/~3/-7n5_gPw_3M/index.html', '2013-08-30 16:28:52', 'Zurich launches &#039;sex drive-ins&#039;', 'zurich,launches,drive', 'In an attempt to reduce open street prostitution and to improve security for sex workers, Switzerland&#039;s largest city, Zurich, is opening &quot;sex drive-ins&quot; Monday.\n    \n', 'attempt,reduce,open,street,prostitution,improve,security,workers,switzerland,largest,city,zurich,opening,drive,monday', '', 'zurich,launches,drive,attempt,reduce,open,street,prostitution,improve,security,workers,switzerland,largest,city,opening,monday', NULL, '2013-09-05 08:37:13'),
(109, 3, 'http://rss.cnn.com/~r/rss/cnn_world/~3/q-OwFuaKrh4/index.html', '2013-08-30 16:29:29', 'Family: Knox not going back to Italy', 'family,knox,going,back,italy', 'American Amanda Knox will not return to Italy for a retrial in the 2007 death of her British roommate, a spokesman for the Knox family said.\n    \n', 'american,amanda,knox,will,return,italy,retrial,2007,death,british,roommate,spokesman,family,said', '', 'family,knox,going,back,italy,american,amanda,will,return,retrial,2007,death,british,roommate,spokesman,said', NULL, '2013-09-05 08:37:13'),
(110, 3, 'http://rss.cnn.com/~r/rss/cnn_world/~3/Tt9IHJXmi_A/index.html', '2013-08-30 16:28:15', 'TV host charged in sex inquiry', 'host,charged,inquiry', 'British authorities have charged a veteran children&#039;s television host with more than a dozen counts of child abuse stemming from an ongoing investigation into another TV personality.\n    \n', 'british,authorities,have,charged,veteran,children,television,host,with,more,than,dozen,counts,child,abuse,stemming,from,ongoing,investigation,into,another,personality', '', 'host,charged,inquiry,british,authorities,have,veteran,children,television,with,more,than,dozen,counts,child,abuse,stemming,from,ongoing,investigation,into,another,personality', NULL, '2013-09-05 08:37:13'),
(111, 3, 'http://rss.cnn.com/~r/rss/cnn_world/~3/WWQlXzE-dik/index.html', '2013-09-04 16:39:55', 'Nyad finishes Cuba-to-Florida swim', 'nyad,finishes,cuba,florida,swim', '&quot;Find a way.&quot;\n    \n', 'find', '', 'nyad,finishes,cuba,florida,swim,find', NULL, '2013-09-05 08:37:13'),
(112, 3, 'http://rss.cnn.com/~r/rss/cnn_world/~3/FLJqzsMZgJw/index.html', '2013-09-04 16:40:25', 'Mexico arrests &#039;Ugly Betty&#039;', 'mexico,arrests,ugly,betty', 'The suspected leader of Mexico&#039;s New Juarez Cartel has been arrested, the state-run Notimex news agency reported Sunday, the latest in a series of high-profile drug arrests.\n    \n', 'suspected,leader,mexico,juarez,cartel,been,arrested,state,notimex,news,agency,reported,sunday,latest,series,high,profile,drug,arrests', '', 'mexico,arrests,ugly,betty,suspected,leader,juarez,cartel,been,arrested,state,notimex,news,agency,reported,sunday,latest,series,high,profile,drug', NULL, '2013-09-05 08:37:13'),
(113, 3, 'http://rss.cnn.com/~r/rss/cnn_world/~3/rifW-w2AM-I/index.html', '2013-09-02 18:05:12', '6 dead in Brazil building collapse', 'dead,brazil,building,collapse', 'At least six people died when a building collapsed in Sao Paulo, Brazil, Tuesday, a state security spokeswoman said.\n    \n', 'least,people,died,when,building,collapsed,paulo,brazil,tuesday,state,security,spokeswoman,said', '', 'dead,brazil,building,collapse,least,people,died,when,collapsed,paulo,tuesday,state,security,spokeswoman,said', NULL, '2013-09-05 08:37:13'),
(114, 3, 'http://rss.cnn.com/~r/rss/cnn_world/~3/i4tbOnZTXNo/index.html', '2013-08-30 16:36:35', 'Syria: How did we get here?', 'syria,here', 'The Pentagon says it&#039;s &quot;ready to go&quot; if it gets orders to carry out a military strike in response to Syria&#039;s suspected use of chemical weapons against its own people.\n    \n', 'pentagon,says,ready,gets,orders,carry,military,strike,response,syria,suspected,chemical,weapons,against,people', '', 'syria,here,pentagon,says,ready,gets,orders,carry,military,strike,response,suspected,chemical,weapons,against,people', NULL, '2013-09-05 08:37:13'),
(115, 3, 'http://rss.cnn.com/~r/rss/cnn_world/~3/f7ixJcDsmug/index.html', '2013-09-04 23:03:01', 'Pentagon: Israel test-fires missile', 'pentagon,israel,test,fires,missile', 'Israel and the United States test-fired a missile Tuesday morning in the Mediterranean Sea, the Israel Defense Ministry said.\n    \n', 'israel,united,states,test,fired,missile,tuesday,morning,mediterranean,defense,ministry,said', '', 'pentagon,israel,test,fires,missile,united,states,fired,tuesday,morning,mediterranean,defense,ministry,said', NULL, '2013-09-05 08:37:13'),
(116, 3, 'http://rss.cnn.com/~r/rss/cnn_world/~3/_FIW9S0XdtY/index.html', '2013-09-03 16:49:28', 'Assassination attempt in Yemen', 'assassination,attempt,yemen', 'Yemeni Prime Minister Mohammed Salem Basindwa escaped an assassination attack Saturday and was unharmed, a government spokesman said.\n    \n', 'yemeni,prime,minister,mohammed,salem,basindwa,escaped,assassination,attack,saturday,unharmed,government,spokesman,said', '', 'assassination,attempt,yemen,yemeni,prime,minister,mohammed,salem,basindwa,escaped,attack,saturday,unharmed,government,spokesman,said', NULL, '2013-09-05 08:37:13'),
(117, 3, 'http://rss.cnn.com/~r/rss/cnn_world/~3/HIkfCdjnuYk/pkg-barnett-safrica-gold-miners-strike.cnn.html', '2013-09-04 16:30:45', 'South African gold miners on strike', 'south,african,gold,miners,strike', 'Thousands of South African gold miners walk off the job, as CNN&#039;s Errol Barnett reports.\n    \n', 'thousands,south,african,gold,miners,walk,errol,barnett,reports', '', 'south,african,gold,miners,strike,thousands,walk,errol,barnett,reports', NULL, '2013-09-05 08:37:13'),
(118, 3, 'http://rss.cnn.com/~r/rss/cnn_world/~3/Er4U6k3veEk/index.html', '2013-09-02 18:09:07', 'Egypt to try former president Morsy', 'egypt,former,president,morsy', 'Former Egyptian President Mohamed Morsy will stand trial on charges of incitement to conduct murder and &quot;thuggery&quot; relating to clashes near the presidential palace in December, state-run MENA reported Sunday.\n    \n', 'former,egyptian,president,mohamed,morsy,will,stand,trial,charges,incitement,conduct,murder,thuggery,relating,clashes,near,presidential,palace,december,state,mena,reported,sunday', '', 'egypt,former,president,morsy,egyptian,mohamed,will,stand,trial,charges,incitement,conduct,murder,thuggery,relating,clashes,near,presidential,palace,december,state,mena,reported,sunday', NULL, '2013-09-05 08:37:13'),
(119, 3, 'http://rss.cnn.com/~r/rss/cnn_world/~3/HTdVJn42Pdc/index.html', '2013-09-03 16:50:03', 'Mandela released, &#039;remains critical&#039;', 'mandela,released,remains,critical', 'Nelson Mandela has been discharged from the Pretoria hospital where he had been receiving treatment since June, the South African president&#039;s office said Sunday.\n    \n', 'nelson,mandela,been,discharged,from,pretoria,hospital,where,receiving,treatment,since,june,south,african,president,office,said,sunday', '', 'mandela,released,remains,critical,nelson,been,discharged,from,pretoria,hospital,where,receiving,treatment,since,june,south,african,president,office,said,sunday', NULL, '2013-09-05 08:37:13'),
(120, 4, 'http://feeds.washingtonpost.com/c/34656/f/636708/s/30ccc088/sc/7/l/0L0Swashingtonpost0N0Cpolitics0Cobama0Ein0Estockholm0Esays0Ethat0Eon0Esyria0Ethe0Einternational0Ecommunity0Ecannot0Ebe0Esilent0C20A130C0A90C0A40C312c70Aaa0E154c0E11e30E80A4b0Ed3a1a3a18f2c0Istory0Bhtml0Dwprss0Frss0Iworld/story01.htm', '2013-09-05 06:40:00', 'Obama, in Stockholm, says that on Syria, &lsquo;the international community cannot be silent&rsquo;', 'obama,stockholm,says,that,syria,international,community,cannot,silent', 'STOCKHOLM &mdash; President Obama took his campaign for a punitive military strike against Syria overseas on Wednesday, declaring that &ldquo;the international community cannot be silent&rdquo; and that its credibility is on the line as his request for congressional approval of such action moved ahead in the Senate. Read full article &amp;#62;&amp;#62;&amp;nbsp;&amp;nbsp;&amp;nbsp;&amp;nbsp;', 'stockholm,president,obama,took,campaign,punitive,military,strike,against,syria,overseas,wednesday,declaring,that,international,community,cannot,silent,credibility,line,request,congressional,approval,such,action,moved,ahead,senate,read,full,article,nbsp', '', 'obama,stockholm,says,that,syria,international,community,cannot,silent,president,took,campaign,punitive,military,strike,against,overseas,wednesday,declaring,credibility,line,request,congressional,approval,such,action,moved,ahead,senate,read,full,article,nbsp', NULL, '2013-09-05 08:37:14'),
(121, 4, 'http://feeds.washingtonpost.com/c/34656/f/636708/s/30cfab04/sc/20/l/0L0Swashingtonpost0N0Cworld0Cmiddle0Ieast0Csyrian0Erebels0Esay0Eany0Eamerican0Estrike0Eon0Eregime0Etargets0Eshould0Ebe0Epowerful0C20A130C0A90C0A40Cfa1784ea0E15a20E11e30E961c0Ef22d3aaf19ab0Istory0Bhtml0Dwprss0Frss0Iworld/story01.htm', '2013-09-05 04:57:00', 'Syrian rebel leader says any American strike on regime targets should be &lsquo;powerful&rsquo;', 'syrian,rebel,leader,says,american,strike,regime,targets,should,powerful', 'BEIRUT &mdash; The chief of the rebel Free Syrian Army said Wednesday that he hoped any U.S. attack against Syria would be &ldquo;powerful and effective&rdquo; enough not only to prevent further chemical weapons attacks but also to end the Syrian airstrikes and ballistic missile raids that continue to target areas under rebel control. Read full article &amp;#62;&amp;#62;&amp;nbsp;&amp;nbsp;&amp;nbsp;&amp;nbsp;', 'beirut,chief,rebel,free,syrian,army,said,wednesday,that,hoped,attack,against,syria,would,powerful,effective,enough,only,prevent,further,chemical,weapons,attacks,also,airstrikes,ballistic,missile,raids,continue,target,areas,under,control,read,full,article,nbsp', '', 'syrian,rebel,leader,says,american,strike,regime,targets,should,powerful,beirut,chief,free,army,said,wednesday,that,hoped,attack,against,syria,would,effective,enough,only,prevent,further,chemical,weapons,attacks,also,airstrikes,ballistic,missile,raids,continue,target,areas,under,control,read,full,article,nbsp', NULL, '2013-09-05 08:37:14'),
(122, 4, 'http://feeds.washingtonpost.com/c/34656/f/636708/s/30cfaaff/sc/39/l/0L0Swashingtonpost0N0Cworld0Cvenustech0Ea0Esign0Eof0Echinas0Ecyber0Eboom0C20A130C0A90C0A40C2ae16dca0E0A13a0E11e30E96a80Ed3b921c0A924a0Istory0Bhtml0Dwprss0Frss0Iworld/story01.htm', '2013-09-05 04:34:55', 'Venustech a sign of China&rsquo;s cyber-boom', 'venustech,sign,china,cyber,boom', 'BEIJING &mdash; The Chinese cybersecurity companies that have grown fastest and are best positioned for the expected boom in spending are often those with the closest ties to government. Among them, Beijing-based Venustech is one of the largest, most successful and most trusted by China&rsquo;s government and its ruling Communist Party. Read full article &amp;#62;&amp;#62;&amp;nbsp;&amp;nbsp;&amp;nbsp;&amp;nbsp;', 'beijing,chinese,cybersecurity,companies,that,have,grown,fastest,best,positioned,expected,boom,spending,often,those,with,closest,ties,government,among,them,based,venustech,largest,most,successful,trusted,china,ruling,communist,party,read,full,article,nbsp', '', 'venustech,sign,china,cyber,boom,beijing,chinese,cybersecurity,companies,that,have,grown,fastest,best,positioned,expected,spending,often,those,with,closest,ties,government,among,them,based,largest,most,successful,trusted,ruling,communist,party,read,full,article,nbsp', NULL, '2013-09-05 08:37:14'),
(123, 4, 'http://feeds.washingtonpost.com/c/34656/f/636708/s/30cfa548/sc/20/l/0L0Swashingtonpost0N0Cworld0Cmiddle0Ieast0Cin0Eiran0Ea0Echange0Ein0Etone0Eon0Esyria0C20A130C0A90C0A40Ce3e216f80E15850E11e30E961c0Ef22d3aaf19ab0Istory0Bhtml0Dwprss0Frss0Iworld/story01.htm', '2013-09-05 03:36:15', 'In Iran, a change in tone on Syria', 'iran,change,tone,syria', 'TEHRAN &mdash;As the Obama administration builds its case for military strikes on Syria, Iran&rsquo;s new president and his foreign policy team are steering clear of a confrontational tone even as they express support for Tehran&rsquo;s longtime allies in Damascus.  Read full article &amp;#62;&amp;#62;&amp;nbsp;&amp;nbsp;&amp;nbsp;&amp;nbsp;', 'tehran,obama,administration,builds,case,military,strikes,syria,iran,president,foreign,policy,team,steering,clear,confrontational,tone,even,they,express,support,longtime,allies,damascus,read,full,article,nbsp', '', 'iran,change,tone,syria,tehran,obama,administration,builds,case,military,strikes,president,foreign,policy,team,steering,clear,confrontational,even,they,express,support,longtime,allies,damascus,read,full,article,nbsp', NULL, '2013-09-05 08:37:14'),
(124, 4, 'http://feeds.washingtonpost.com/c/34656/f/636708/s/30cde908/sc/7/l/0L0Swashingtonpost0N0Cblogs0Cblogpost0Cpost0Cthis0Ejon0Estewart0Eepisode0Eis0Eeverything0Ewrong0Ewith0Ehow0Ewe0Etalk0Eabout0Esyria0C20A130C0A90C0A40C1f93bbae0E15980E11e30E961c0Ef22d3aaf19ab0Iblog0Bhtml0Dwprss0Frss0Iworld/story01.htm', '2013-09-04 23:28:09', 'This Jon Stewart episode is everything wrong with how we talk about Syria', 'this,stewart,episode,everything,wrong,with,talk,about,syria', ' Daily Show host Jon Stewart made an impassioned case, on his Tuesday night return to broadcasting after taking the summer off, against the Obama administration&rsquo;s plan to launch limited strikes against Syria. Stewart may be a satirist but he&rsquo;s influential and trusted, particularly among left-leaning Americans, who have been split on the issue and who could play a significant role in deciding whether Congress gives President Obama the go-ahead. So his broadcast could really matter. Read full article &amp;#62;&amp;#62;&amp;nbsp;&amp;nbsp;&amp;nbsp;&amp;nbsp;', 'daily,show,host,stewart,made,impassioned,case,tuesday,night,return,broadcasting,after,taking,summer,against,obama,administration,plan,launch,limited,strikes,syria,satirist,influential,trusted,particularly,among,left,leaning,americans,have,been,split,issue,could,play,significant,role,deciding,whether,congress,gives,president,ahead,broadcast,really,matter,read,full,article,nbsp', '', 'this,stewart,episode,everything,wrong,with,talk,about,syria,daily,show,host,made,impassioned,case,tuesday,night,return,broadcasting,after,taking,summer,against,obama,administration,plan,launch,limited,strikes,satirist,influential,trusted,particularly,among,left,leaning,americans,have,been,split,issue,could,play,significant,role,deciding,whether,congress,gives,president,ahead,broadcast,really,matter,read,full,article,nbsp', NULL, '2013-09-05 08:37:14'),
(125, 4, 'http://feeds.washingtonpost.com/c/34656/f/636708/s/30ce3b63/sc/7/l/0L0Swashingtonpost0N0Cworld0Cfrance0Ewill0Enot0Eact0Ealone0Eagainst0Esyria0Eprime0Eminister0Esays0C20A130C0A90C0A40C324b8b6c0E1590A0E11e30Ebe6e0Edc6ae8a5b3a80Istory0Bhtml0Dwprss0Frss0Iworld/story01.htm', '2013-09-04 23:05:00', 'France will not act alone against Syria, prime minister says', 'france,will,alone,against,syria,prime,minister,says', 'PARIS &mdash;France will not launch a military assault against Syria by itself, Prime Minister Jean-Marc Ayrault said Wednesday, amid calls by French opposition leaders to put any action to a U.N. Security Council vote.  Read full article &amp;#62;&amp;#62;&amp;nbsp;&amp;nbsp;&amp;nbsp;&amp;nbsp;', 'paris,france,will,launch,military,assault,against,syria,itself,prime,minister,jean,marc,ayrault,said,wednesday,amid,calls,french,opposition,leaders,action,security,council,vote,read,full,article,nbsp', '', 'france,will,alone,against,syria,prime,minister,says,paris,launch,military,assault,itself,jean,marc,ayrault,said,wednesday,amid,calls,french,opposition,leaders,action,security,council,vote,read,full,article,nbsp', NULL, '2013-09-05 08:37:14'),
(126, 4, 'http://feeds.washingtonpost.com/c/34656/f/636708/s/30cd7b8b/sc/38/l/0L0Swashingtonpost0N0Cblogs0Cblogpost0Cpost0Cirans0Epresident0Ejust0Ewished0Eall0Ejews0Ea0Ehappy0Erosh0Ehashanah0Eon0Etwitter0C20A130C0A90C0A40C1fb2e61e0E15890E11e30E961c0Ef22d3aaf19ab0Iblog0Bhtml0Dwprss0Frss0Iworld/story01.htm', '2013-09-04 21:40:46', 'Iran&rsquo;s president just wished all Jews a happy Rosh Hashanah on Twitter', 'iran,president,just,wished,jews,happy,rosh,hashanah,twitter', 'Iranian President Hassan Rouhani&rsquo;s English-language Twitter account sent out this message just before sunset, Tehran time, wishing Jews a happy Rosh Hashanah, which is the Jewish new year and begins at sundown: Read full article &amp;#62;&amp;#62;&amp;nbsp;&amp;nbsp;&amp;nbsp;&amp;nbsp;', 'iranian,president,hassan,rouhani,english,language,twitter,account,sent,this,message,just,before,sunset,tehran,time,wishing,jews,happy,rosh,hashanah,which,jewish,year,begins,sundown,read,full,article,nbsp', '', 'iran,president,just,wished,jews,happy,rosh,hashanah,twitter,iranian,hassan,rouhani,english,language,account,sent,this,message,before,sunset,tehran,time,wishing,which,jewish,year,begins,sundown,read,full,article,nbsp', NULL, '2013-09-05 08:37:14'),
(127, 4, 'http://feeds.washingtonpost.com/c/34656/f/636708/s/30cd7b8d/sc/33/l/0L0Swashingtonpost0N0Cworld0Cthe0Iamericas0Cmexican0Elawmakers0Epass0Eeducation0Eoverhaul0C20A130C0A90C0A40Cce459d1c0E15830E11e30E961c0Ef22d3aaf19ab0Istory0Bhtml0Dwprss0Frss0Iworld/story01.htm', '2013-09-04 21:40:29', 'Mexican lawmakers pass education overhaul', 'mexican,lawmakers,pass,education,overhaul', 'MEXICO CITY &mdash; Lawmakers approved a major overhaul of Mexico&rsquo;s public education system early Wednesday, giving President Enrique Pe&ntilde;a Nieto a crucial victory in his drive to fix some of the country&rsquo;s most dysfunctional institutions. Read full article &amp;#62;&amp;#62;&amp;nbsp;&amp;nbsp;&amp;nbsp;&amp;nbsp;', 'mexico,city,lawmakers,approved,major,overhaul,public,education,system,early,wednesday,giving,president,enrique,nieto,crucial,victory,drive,some,country,most,dysfunctional,institutions,read,full,article,nbsp', '', 'mexican,lawmakers,pass,education,overhaul,mexico,city,approved,major,public,system,early,wednesday,giving,president,enrique,nieto,crucial,victory,drive,some,country,most,dysfunctional,institutions,read,full,article,nbsp', NULL, '2013-09-05 08:37:14'),
(128, 4, 'http://feeds.washingtonpost.com/c/34656/f/636708/s/30cd7b92/sc/39/l/0L0Swashingtonpost0N0Cworld0Cafter0Esnowden0Erevelations0Echina0Eworries0Eabout0Ecyberdefense0Ehackers0C20A130C0A90C0A40C0Ab5ae97e0Eff620E11e20E97110E370A8310Af6f4d0Istory0Bhtml0Dwprss0Frss0Iworld/story01.htm', '2013-09-04 21:38:00', 'After Snowden revelations, China worries about cyberdefense, hackers', 'after,snowden,revelations,china,worries,about,cyberdefense,hackers', 'BEIJING &mdash; When it comes to cyberattacks, China is often seen in the West as a fierce aggressor &mdash; the ultimate hacking threat to American government and businesses. In China, however, Internet users are increasingly preoccupied with their own vulnerability. Read full article &amp;#62;&amp;#62;&amp;nbsp;&amp;nbsp;&amp;nbsp;&amp;nbsp;', 'beijing,when,comes,cyberattacks,china,often,seen,west,fierce,aggressor,ultimate,hacking,threat,american,government,businesses,however,internet,users,increasingly,preoccupied,with,their,vulnerability,read,full,article,nbsp', '', 'after,snowden,revelations,china,worries,about,cyberdefense,hackers,beijing,when,comes,cyberattacks,often,seen,west,fierce,aggressor,ultimate,hacking,threat,american,government,businesses,however,internet,users,increasingly,preoccupied,with,their,vulnerability,read,full,article,nbsp', NULL, '2013-09-05 08:37:14'),
(129, 4, 'http://feeds.washingtonpost.com/c/34656/f/636708/s/30cadfbd/sc/20/l/0L0Swashingtonpost0N0Cworld0Cputin0Ewarns0Eus0Enot0Eto0Estrike0Esyria0Edismisses0Ecase0Eagainst0Eassad0Eas0Erumors0C20A130C0A90C0A40Cdbcf33960E154f0E11e30E961c0Ef22d3aaf19ab0Istory0Bhtml0Dwprss0Frss0Iworld/story01.htm', '2013-09-04 15:37:00', 'Putin warns U.S. not to strike Syria, dismisses case against Assad as &lsquo;rumors&rsquo;', 'putin,warns,strike,syria,dismisses,case,against,assad,rumors', 'MOSCOW &mdash; President Vladimir Putin on Wednesday warned the United States and its allies against launching a unilateral military strike against Damascus, saying the West&rsquo;s case against Syrian President Bashar al-Assad doesn&rsquo;t stand up to scrutiny. Read full article &amp;#62;&amp;#62;&amp;nbsp;&amp;nbsp;&amp;nbsp;&amp;nbsp;', 'moscow,president,vladimir,putin,wednesday,warned,united,states,allies,against,launching,unilateral,military,strike,damascus,saying,west,case,syrian,bashar,assad,doesn,stand,scrutiny,read,full,article,nbsp', '', 'putin,warns,strike,syria,dismisses,case,against,assad,rumors,moscow,president,vladimir,wednesday,warned,united,states,allies,launching,unilateral,military,damascus,saying,west,syrian,bashar,doesn,stand,scrutiny,read,full,article,nbsp', NULL, '2013-09-05 08:37:14'),
(130, 4, 'http://feeds.washingtonpost.com/c/34656/f/636708/s/30c561ae/sc/8/l/0L0Swashingtonpost0N0Cworld0Cin0Eputins0Erussia0Ean0Einconvenient0Ehero0Eat0Eg0E20A0C20A130C0A90C0A30C5ea743660E14a20E11e30Eb220A0E2c950Ac7f32630Istory0Bhtml0Dwprss0Frss0Iworld/story01.htm', '2013-09-04 08:14:00', 'In Putin&rsquo;s Russia, an inconvenient hero at G-20', 'putin,russia,inconvenient,hero', 'The leaders of the Group of 20 nations meet this week in a reconstituted 18th-century palace just outside St.&nbsp;Petersburg. Almost entirely destroyed during World War II, it is more a replica than a reconstruction. But if there&rsquo;s a ghost from the past walking its marbleized halls, it&rsquo;s surely that of the palace&rsquo;s most prominent former resident, Grand Duke Konstantin Konstantinovich Romanov. Read full article &amp;#62;&amp;#62;&amp;nbsp;&amp;nbsp;&amp;nbsp;&amp;nbsp;', 'leaders,group,nations,meet,this,week,reconstituted,18th,century,palace,just,outside,petersburg,almost,entirely,destroyed,during,world,more,replica,than,reconstruction,there,ghost,from,past,walking,marbleized,halls,surely,that,most,prominent,former,resident,grand,duke,konstantin,konstantinovich,romanov,read,full,article,nbsp', '', 'putin,russia,inconvenient,hero,leaders,group,nations,meet,this,week,reconstituted,18th,century,palace,just,outside,petersburg,almost,entirely,destroyed,during,world,more,replica,than,reconstruction,there,ghost,from,past,walking,marbleized,halls,surely,that,most,prominent,former,resident,grand,duke,konstantin,konstantinovich,romanov,read,full,article,nbsp', NULL, '2013-09-05 08:37:14'),
(131, 4, 'http://feeds.washingtonpost.com/c/34656/f/636708/s/30c40d03/l/0L0Swashingtonpost0N0Cworld0Cnational0Esecurity0Cobama0Esays0Ehe0Eis0Econfident0Eof0Econgressional0Ebacking0Efor0Estrike0Eon0Esyria0C20A130C0A90C0A30Caeee7e60A0E149e0E11e30Ea10A0A0E66fa8fd9a50Ac0Istory0Bhtml0Dwprss0Frss0Iworld/story01.htm', '2013-09-04 05:09:00', 'Kerry, Hagel lay out military objectives during Senate hearing on Syria strike', 'kerry,hagel,military,objectives,during,senate,hearing,syria,strike', 'Obama administration officials told lawmakers Tuesday that a military strike against Syria would &ldquo;degrade&rdquo; the country&rsquo;s ability to carry out attacks &mdash; the most specific military objective they have laid out yet &mdash; but faced sharp questions about whether such an operation would accomplish much. Read full article &amp;#62;&amp;#62;&amp;nbsp;&amp;nbsp;&amp;nbsp;&amp;nbsp;', 'obama,administration,officials,told,lawmakers,tuesday,that,military,strike,against,syria,would,degrade,country,ability,carry,attacks,most,specific,objective,they,have,laid,faced,sharp,questions,about,whether,such,operation,accomplish,much,read,full,article,nbsp', '', 'kerry,hagel,military,objectives,during,senate,hearing,syria,strike,obama,administration,officials,told,lawmakers,tuesday,that,against,would,degrade,country,ability,carry,attacks,most,specific,objective,they,have,laid,faced,sharp,questions,about,whether,such,operation,accomplish,much,read,full,article,nbsp', NULL, '2013-09-05 08:37:14'),
(132, 4, 'http://feeds.washingtonpost.com/c/34656/f/636708/s/30c45695/sc/8/l/0L0Swashingtonpost0N0Cworld0Cnational0Esecurity0Cus0Edocuments0Edetail0Eal0Eqaedas0Eefforts0Eto0Efight0Eback0Eagainst0Edrones0C20A130C0A90C0A30Cb83e76540E11c0A0E11e30Eb630A0E36617ca6640Af0Istory0Bhtml0Dwprss0Frss0Iworld/story01.htm', '2013-09-04 03:59:00', 'U.S. documents detail al-Qaeda&rsquo;s efforts to fight back against drones', 'documents,detail,qaeda,efforts,fight,back,against,drones', 'Al-Qaeda&rsquo;s leadership has assigned cells of engineers to find ways to shoot down, jam or remotely hijack U.S. drones, hoping to exploit the technological vulnerabilities of a weapons system that has inflicted huge losses upon the terrorist network, according to top-secret U.S. intelligence documents. Read full article &amp;#62;&amp;#62;&amp;nbsp;&amp;nbsp;&amp;nbsp;&amp;nbsp;', 'qaeda,leadership,assigned,cells,engineers,find,ways,shoot,down,remotely,hijack,drones,hoping,exploit,technological,vulnerabilities,weapons,system,that,inflicted,huge,losses,upon,terrorist,network,according,secret,intelligence,documents,read,full,article,nbsp', '', 'documents,detail,qaeda,efforts,fight,back,against,drones,leadership,assigned,cells,engineers,find,ways,shoot,down,remotely,hijack,hoping,exploit,technological,vulnerabilities,weapons,system,that,inflicted,huge,losses,upon,terrorist,network,according,secret,intelligence,read,full,article,nbsp', NULL, '2013-09-05 08:37:14'),
(133, 4, 'http://feeds.washingtonpost.com/c/34656/f/636708/s/30c31f95/sc/40/l/0L0Swashingtonpost0N0Cworld0Cworld0Edigest0Esept0E30E20A130C20A130C0A90C0A30C72c1a1640E14a40E11e30Ea10A0A0E66fa8fd9a50Ac0Istory0Bhtml0Dwprss0Frss0Iworld/story01.htm', '2013-09-04 03:00:13', 'World Digest: Sept. 3, 2013', 'world,digest,sept,2013', ' An Egyptian court Tuesday ordered Al Jazeera&rsquo;s local affiliate and three other stations to stop broadcasting, part of an expanding government crackdown against media seen as supporting the Muslim Brotherhood and the country&rsquo;s ousted Islamist president, Mohamed Morsi. Read full article &amp;#62;&amp;#62;&amp;nbsp;&amp;nbsp;&amp;nbsp;&amp;nbsp;', 'egyptian,court,tuesday,ordered,jazeera,local,affiliate,three,other,stations,stop,broadcasting,part,expanding,government,crackdown,against,media,seen,supporting,muslim,brotherhood,country,ousted,islamist,president,mohamed,morsi,read,full,article,nbsp', '', 'world,digest,sept,2013,egyptian,court,tuesday,ordered,jazeera,local,affiliate,three,other,stations,stop,broadcasting,part,expanding,government,crackdown,against,media,seen,supporting,muslim,brotherhood,country,ousted,islamist,president,mohamed,morsi,read,full,article,nbsp', NULL, '2013-09-05 08:37:14'),
(134, 4, 'http://feeds.washingtonpost.com/c/34656/f/636708/s/30c27b9a/sc/7/l/0L0Swashingtonpost0N0Cblogs0Cblogpost0Cpost0Cthe0E110Equestions0Eevery0Emember0Eof0Econgress0Efaces0Eon0Esyria0C20A130C0A90C0A30C22f7f3c40E14d40E11e30Eb220A0E2c950Ac7f32630Iblog0Bhtml0Dwprss0Frss0Iworld/story01.htm', '2013-09-04 00:05:16', 'The 11 questions Congress faces on Syria', 'questions,congress,faces,syria', ' The Obama administration&rsquo;s decision to ask Congress to authorize the use of force in Syria will put legislators through some contentious and uncertain votes. It leaves them facing complicated politics and ideological divides within their own parties. Read full article &amp;#62;&amp;#62;&amp;nbsp;&amp;nbsp;&amp;nbsp;&amp;nbsp;', 'obama,administration,decision,congress,authorize,force,syria,will,legislators,through,some,contentious,uncertain,votes,leaves,them,facing,complicated,politics,ideological,divides,within,their,parties,read,full,article,nbsp', '', 'questions,congress,faces,syria,obama,administration,decision,authorize,force,will,legislators,through,some,contentious,uncertain,votes,leaves,them,facing,complicated,politics,ideological,divides,within,their,parties,read,full,article,nbsp', NULL, '2013-09-05 08:37:14'),
(135, 4, 'http://feeds.washingtonpost.com/c/34656/f/636708/s/30c27b9f/sc/2/l/0L0Swashingtonpost0N0Cworld0Cmiddle0Ieast0Cus0Eisraeli0Emissile0Etest0Ebriefly0Ealarms0Eregion0C20A130C0A90C0A30C60A8459f60E14c70E11e30Eb220A0E2c950Ac7f32630Istory0Bhtml0Dwprss0Frss0Iworld/story01.htm', '2013-09-03 23:52:00', 'U.S.-Israeli missile test briefly alarms region', 'israeli,missile,test,briefly,alarms,region', 'JERUSALEM &mdash; A joint Israeli-U.S. military exercise put an already tense region on edge Tuesday morning, when Russian news media reported that Russian radar had detected two ballistic &ldquo;objects&rdquo; flashing across the Mediterranean Sea. Read full article &amp;#62;&amp;#62;&amp;nbsp;&amp;nbsp;&amp;nbsp;&amp;nbsp;', 'jerusalem,joint,israeli,military,exercise,already,tense,region,edge,tuesday,morning,when,russian,news,media,reported,that,radar,detected,ballistic,objects,flashing,across,mediterranean,read,full,article,nbsp', '', 'israeli,missile,test,briefly,alarms,region,jerusalem,joint,military,exercise,already,tense,edge,tuesday,morning,when,russian,news,media,reported,that,radar,detected,ballistic,objects,flashing,across,mediterranean,read,full,article,nbsp', NULL, '2013-09-05 08:37:14'),
(136, 4, 'http://feeds.washingtonpost.com/c/34656/f/636708/s/30bc601d/sc/39/l/0L0Swashingtonpost0N0Cworld0Cjapans0Egovernment0Epledges0Enearly0E50A0A0Emillion0Eas0Etepco0Edeals0Ewith0Ewater0Ecrisis0C20A130C0A90C0A30C581876c60E147c0E11e30E880Ab0E750A3237cc69d0Istory0Bhtml0Dwprss0Frss0Iworld/story01.htm', '2013-09-03 18:00:00', 'Japan to pay $500 million to freeze soil, find other ways to stop leaking Fukushima water', 'japan,million,freeze,soil,find,other,ways,stop,leaking,fukushima,water', 'SEOUL &mdash; The Japanese government on Tuesday pledged nearly $500&nbsp;million to fight toxic water leaks at the Fukushima Daiichi nuclear plant, part of an increasingly precarious cleanup job that Prime Minister Shinzo Abe says requires &ldquo;radical measures.&rdquo; Read full article &amp;#62;&amp;#62;&amp;nbsp;&amp;nbsp;&amp;nbsp;&amp;nbsp;', 'seoul,japanese,government,tuesday,pledged,nearly,million,fight,toxic,water,leaks,fukushima,daiichi,nuclear,plant,part,increasingly,precarious,cleanup,that,prime,minister,shinzo,says,requires,radical,measures,read,full,article,nbsp', '', 'japan,million,freeze,soil,find,other,ways,stop,leaking,fukushima,water,seoul,japanese,government,tuesday,pledged,nearly,fight,toxic,leaks,daiichi,nuclear,plant,part,increasingly,precarious,cleanup,that,prime,minister,shinzo,says,requires,radical,measures,read,full,article,nbsp', NULL, '2013-09-05 08:37:14'),
(137, 4, 'http://feeds.washingtonpost.com/c/34656/f/636708/s/30be3ef9/sc/7/l/0L0Swashingtonpost0N0Cblogs0Cblogpost0Cpost0Cteju0Ecoles0E90Equestions0Eabout0Ebritain0Eyou0Ewere0Etoo0Eembarrassed0Eto0Eask0C20A130C0A90C0A30C5ce216dc0E149d0E11e30Eb220A0E2c950Ac7f32630Iblog0Bhtml0Dwprss0Frss0Iworld/story01.htm', '2013-09-03 17:33:14', 'Teju Cole&rsquo;s 9 questions about Britain you were too embarrassed to ask', 'teju,cole,questions,about,britain,were,embarrassed', ' Last week, as the U.S. signaled it may launch limited strikes against Syria as punishment for allegedly using chemical weapons, I posted an explainer titled &ldquo;9 questions about Syria you were too embarrassed to ask.&rdquo; Read full article &amp;#62;&amp;#62;&amp;nbsp;&amp;nbsp;&amp;nbsp;&amp;nbsp;', 'last,week,signaled,launch,limited,strikes,against,syria,punishment,allegedly,using,chemical,weapons,posted,explainer,titled,questions,about,were,embarrassed,read,full,article,nbsp', '', 'teju,cole,questions,about,britain,were,embarrassed,last,week,signaled,launch,limited,strikes,against,syria,punishment,allegedly,using,chemical,weapons,posted,explainer,titled,read,full,article,nbsp', NULL, '2013-09-05 08:37:14');
INSERT INTO `posts` (`id`, `feed_id`, `link`, `pubdate`, `title`, `title_words`, `description`, `description_words`, `article`, `title_description_words`, `updated_on`, `created_on`) VALUES
(138, 4, 'http://feeds.washingtonpost.com/c/34656/f/636708/s/30be426c/sc/39/l/0L0Swashingtonpost0N0Cworld0Cpakistan0Esays0Enuclear0Econtrols0Eare0Efirmly0Ein0Eplace0C20A130C0A90C0A30C75f96120A0E148e0E11e30Eb220A0E2c950Ac7f32630Istory0Bhtml0Dwprss0Frss0Iworld/story01.htm', '2013-09-03 17:17:00', 'Pakistan says nuclear controls are firmly in place', 'pakistan,says,nuclear,controls,firmly,place', 'KABUL &mdash; Pakistan on Tuesday described its nuclear policy as one of &ldquo;restraint and responsibility&rdquo; and declared that it has a well-established regimen of controls to &ldquo;ensure the safety and security&rdquo; of its nuclear facilities.  Read full article &amp;#62;&amp;#62;&amp;nbsp;&amp;nbsp;&amp;nbsp;&amp;nbsp;', 'kabul,pakistan,tuesday,described,nuclear,policy,restraint,responsibility,declared,that,well,established,regimen,controls,ensure,safety,security,facilities,read,full,article,nbsp', '', 'pakistan,says,nuclear,controls,firmly,place,kabul,tuesday,described,policy,restraint,responsibility,declared,that,well,established,regimen,ensure,safety,security,facilities,read,full,article,nbsp', NULL, '2013-09-05 08:37:14'),
(139, 4, 'http://feeds.washingtonpost.com/c/34656/f/636708/s/30bd891f/sc/20/l/0L0Swashingtonpost0N0Cworld0Cmiddle0Ieast0Cun0Emore0Ethan0E20Emillion0Esyrians0Ehave0Efled0Etheir0Ecountry0C20A130C0A90C0A30C37b0A3b520E148c0E11e30Eb220A0E2c950Ac7f32630Istory0Bhtml0Dwprss0Frss0Iworld/story01.htm', '2013-09-03 16:05:00', 'U.N.: More than 2 million Syrians have fled their country', 'more,than,million,syrians,have,fled,their,country', 'BEIRUT &mdash; More than 2 million Syrians have fled their country&rsquo;s relentless civil war, the United Nations said Tuesday, an exodus that has doubled over the past six months and evolved into the worst refugee crisis in the world. Read full article &amp;#62;&amp;#62;&amp;nbsp;&amp;nbsp;&amp;nbsp;&amp;nbsp;', 'beirut,more,than,million,syrians,have,fled,their,country,relentless,civil,united,nations,said,tuesday,exodus,that,doubled,over,past,months,evolved,into,worst,refugee,crisis,world,read,full,article,nbsp', '', 'more,than,million,syrians,have,fled,their,country,beirut,relentless,civil,united,nations,said,tuesday,exodus,that,doubled,over,past,months,evolved,into,worst,refugee,crisis,world,read,full,article,nbsp', NULL, '2013-09-05 08:37:14'),
(140, 4, 'http://feeds.washingtonpost.com/c/34656/f/636708/s/30bc601a/sc/20/l/0L0Swashingtonpost0N0Cblogs0Cblogpost0Cpost0Cshould0Ethe0Ethe0Eus0Estrike0Esyria0Ethese0Eare0Ethe0Efive0Esmartest0Earguments0C20A130C0A90C0A30C49b498740E14880E11e30Eb220A0E2c950Ac7f32630Iblog0Bhtml0Dwprss0Frss0Iworld/story01.htm', '2013-09-03 15:02:17', 'Should the the U.S. strike Syria? These are the five smartest arguments.', 'should,strike,syria,these,five,smartest,arguments', ' The debate within the United States over whether or not the United States should launch limited, off-shore strikes against Syria, as punishment for President Bashar al-Assad&rsquo;s suspected use of chemical weapons against civilians, is now entering the realm of U.S. domestic policy. And that means the conversation is getting politicized, which can make it tougher to follow. Read full article &amp;#62;&amp;#62;&amp;nbsp;&amp;nbsp;&amp;nbsp;&amp;nbsp;', 'debate,within,united,states,over,whether,should,launch,limited,shore,strikes,against,syria,punishment,president,bashar,assad,suspected,chemical,weapons,civilians,entering,realm,domestic,policy,that,means,conversation,getting,politicized,which,make,tougher,follow,read,full,article,nbsp', '', 'should,strike,syria,these,five,smartest,arguments,debate,within,united,states,over,whether,launch,limited,shore,strikes,against,punishment,president,bashar,assad,suspected,chemical,weapons,civilians,entering,realm,domestic,policy,that,means,conversation,getting,politicized,which,make,tougher,follow,read,full,article,nbsp', NULL, '2013-09-05 08:37:14'),
(141, 4, 'http://feeds.washingtonpost.com/c/34656/f/636708/s/30bc601b/sc/39/l/0L0Swashingtonpost0N0Cworld0Casia0Ipacific0Caustralias0Etony0Eabbott0Eon0Etrack0Eto0Ewin0Eprime0Eminister0Epost0Eafter0Eyears0Ein0Epolitical0Edoldrums0C20A130C0A90C0A30C24aaae980E10Ac70E11e30Ebdf60Ee4fc677d94a10Istory0Bhtml0Dwprss0Frss0Iworld/story01.htm', '2013-09-03 15:01:00', 'Australia&rsquo;s Tony Abbott on track to win prime minister post after years in political doldrums', 'australia,tony,abbott,track,prime,minister,post,after,years,political,doldrums', 'SYDNEY &mdash; When the leader of Australia&rsquo;s opposition Liberal Party, Tony Abbott, recently praised one of his candidates in upcoming parliamentary elections for her &ldquo;sex appeal,&rdquo; the governing Labor Party was quick to accuse him of sexism. Read full article &amp;#62;&amp;#62;&amp;nbsp;&amp;nbsp;&amp;nbsp;&amp;nbsp;', 'sydney,when,leader,australia,opposition,liberal,party,tony,abbott,recently,praised,candidates,upcoming,parliamentary,elections,appeal,governing,labor,quick,accuse,sexism,read,full,article,nbsp', '', 'australia,tony,abbott,track,prime,minister,post,after,years,political,doldrums,sydney,when,leader,opposition,liberal,party,recently,praised,candidates,upcoming,parliamentary,elections,appeal,governing,labor,quick,accuse,sexism,read,full,article,nbsp', NULL, '2013-09-05 08:37:14'),
(142, 4, 'http://feeds.washingtonpost.com/c/34656/f/636708/s/30be3534/sc/30/l/0L0Swashingtonpost0N0Cworld0Cnational0Esecurity0Ctop0Esecret0Eus0Eintelligence0Efiles0Eshow0Enew0Elevels0Eof0Edistrust0Eof0Epakistan0C20A130C0A90C0A20Ce19d0A3c20E11bf0E11e30Eb630A0E36617ca6640Af0Istory0Bhtml0Dwprss0Frss0Iworld/story01.htm', '2013-09-03 05:04:00', 'Top-secret U.S. intelligence files show new levels of distrust of Pakistan', 'secret,intelligence,files,show,levels,distrust,pakistan', 'The $52.6 billion U.S. intelligence arsenal is aimed mainly at unambiguous adversaries, including al-Qaeda, North Korea and Iran. But top-secret budget documents reveal an equally intense focus on one purported ally: Pakistan.  Read full article &amp;#62;&amp;#62;&amp;nbsp;&amp;nbsp;&amp;nbsp;&amp;nbsp;', 'billion,intelligence,arsenal,aimed,mainly,unambiguous,adversaries,including,qaeda,north,korea,iran,secret,budget,documents,reveal,equally,intense,focus,purported,ally,pakistan,read,full,article,nbsp', '', 'secret,intelligence,files,show,levels,distrust,pakistan,billion,arsenal,aimed,mainly,unambiguous,adversaries,including,qaeda,north,korea,iran,budget,documents,reveal,equally,intense,focus,purported,ally,read,full,article,nbsp', NULL, '2013-09-05 08:37:14'),
(143, 4, 'http://feeds.washingtonpost.com/c/34656/f/636708/s/30b5539f/sc/7/l/0L0Swashingtonpost0N0Cworld0Cnational0Esecurity0Ckerry0Ehagel0Eto0Eappear0Eat0Eforeign0Erelations0Ecommittee0Eto0Emake0Ethe0Ecase0Efor0Esyria0Estrikes0C20A130C0A90C0A20C936adc480E13df0E11e30Ea10A0A0E66fa8fd9a50Ac0Istory0Bhtml0Dwprss0Frss0Iworld/story01.htm', '2013-09-03 02:59:00', 'On Syria strike, Obama administration ramps up pressure on Congress, shows flexibility', 'syria,strike,obama,administration,ramps,pressure,congress,shows,flexibility', 'As the Obama administration launched what it described as a &ldquo;flood the zone&rdquo; campaign to persuade Congress to authorize military action against Syria, officials said Monday that they are willing to rewrite the proposed resolution to clarify that any operation would be limited in scope and duration and would not include the use of ground troops.  Read full article &amp;#62;&amp;#62;&amp;nbsp;&amp;nbsp;&amp;nbsp;&amp;nbsp;', 'obama,administration,launched,what,described,flood,zone,campaign,persuade,congress,authorize,military,action,against,syria,officials,said,monday,that,they,willing,rewrite,proposed,resolution,clarify,operation,would,limited,scope,duration,include,ground,troops,read,full,article,nbsp', '', 'syria,strike,obama,administration,ramps,pressure,congress,shows,flexibility,launched,what,described,flood,zone,campaign,persuade,authorize,military,action,against,officials,said,monday,that,they,willing,rewrite,proposed,resolution,clarify,operation,would,limited,scope,duration,include,ground,troops,read,full,article,nbsp', NULL, '2013-09-05 08:37:14'),
(144, 4, 'http://feeds.washingtonpost.com/c/34656/f/636708/s/30b639f8/sc/20/l/0L0Swashingtonpost0N0Cworld0Ceurope0Cobamas0Eoutreach0Eto0Econgress0Eon0Esyria0Estirs0Ecall0Efor0Ehollande0Eto0Econsult0Efrench0Eparliament0C20A130C0A90C0A20Cc130A8d9a0E140A60E11e30Eb220A0E2c950Ac7f32630Istory0Bhtml0Dwprss0Frss0Iworld/story01.htm', '2013-09-03 00:34:00', 'Obama&rsquo;s outreach to Congress on Syria stirs call for Hollande to consult French Parliament', 'obama,outreach,congress,syria,stirs,call,hollande,consult,french,parliament', 'LONDON &mdash;French President Fran&ccedil;ois Hollande came under heightened pressure Monday to secure the backing of lawmakers before taking military action in Syria, with his position significantly complicated by President Obama&rsquo;s decision to consult Congress ahead of any strike.   Read full article &amp;#62;&amp;#62;&amp;nbsp;&amp;nbsp;&amp;nbsp;&amp;nbsp;', 'london,french,president,fran,hollande,came,under,heightened,pressure,monday,secure,backing,lawmakers,before,taking,military,action,syria,with,position,significantly,complicated,obama,decision,consult,congress,ahead,strike,read,full,article,nbsp', '', 'obama,outreach,congress,syria,stirs,call,hollande,consult,french,parliament,london,president,fran,came,under,heightened,pressure,monday,secure,backing,lawmakers,before,taking,military,action,with,position,significantly,complicated,decision,ahead,strike,read,full,article,nbsp', NULL, '2013-09-05 08:37:14');

-- --------------------------------------------------------

--
-- Table structure for table `summary_data`
--

CREATE TABLE IF NOT EXISTS `summary_data` (
  `id` int(11) NOT NULL AUTO_INCREMENT,
  `summary_id` int(11) NOT NULL,
  `feed_id` int(11) NOT NULL,
  `post_id` int(11) NOT NULL,
  `match_id` int(11) NOT NULL,
  `match_priority` int(11) NOT NULL,
  `match_string` varchar(155) NOT NULL,
  `created_on` timestamp NOT NULL DEFAULT '0000-00-00 00:00:00' ON UPDATE CURRENT_TIMESTAMP,
  PRIMARY KEY (`summary_id`,`feed_id`,`id`),
  UNIQUE KEY `id` (`id`)
) ENGINE=InnoDB  DEFAULT CHARSET=latin1 AUTO_INCREMENT=14 ;

--
-- Truncate table before insert `summary_data`
--

TRUNCATE TABLE `summary_data`;
--
-- Dumping data for table `summary_data`
--

INSERT INTO `summary_data` (`id`, `summary_id`, `feed_id`, `post_id`, `match_id`, `match_priority`, `match_string`, `created_on`) VALUES
(3, 1, 2, 17, 2, 5, '+world-year-killed', '2013-08-14 08:28:14'),
(4, 1, 2, 37, 2, 5, '+world-year-killed', '2013-08-14 08:28:14'),
(5, 1, 2, 45, 3, 3, '+ramadan-year+killed', '2013-08-14 08:28:14'),
(6, 1, 2, 32, 3, 3, '+ramadan-year+killed', '2013-08-14 08:28:14'),
(8, 1, 2, 28, 4, 5, '+year-qaeda-killed', '2013-08-14 08:28:14'),
(9, 1, 2, 26, 4, 5, '+year-qaeda-killed', '2013-08-14 08:28:14'),
(10, 1, 2, 31, 5, 6, '-world+qaeda-killed', '2013-08-14 08:28:14'),
(11, 1, 2, 25, 5, 6, '-world+qaeda-killed', '2013-08-14 08:28:14'),
(12, 1, 2, 22, 6, 7, '-ramadan-qaeda+killed', '2013-08-14 08:28:14'),
(13, 1, 2, 46, 6, 7, '-ramadan-qaeda+killed', '2013-08-14 08:28:14'),
(1, 1, 4, 60, 1, 3, '+qaeda-year+killed', '2013-08-14 08:28:14'),
(2, 1, 4, 58, 2, 5, '+world-year-killed', '2013-08-14 08:28:14'),
(7, 1, 4, 59, 4, 5, '+year-qaeda-killed', '2013-08-14 08:28:14');

-- --------------------------------------------------------

--
-- Table structure for table `summary_list`
--

CREATE TABLE IF NOT EXISTS `summary_list` (
  `ID` int(11) NOT NULL AUTO_INCREMENT,
  `STARTTIME` timestamp NOT NULL DEFAULT '0000-00-00 00:00:00',
  `ENDTIME` timestamp NOT NULL DEFAULT '0000-00-00 00:00:00',
  `CATEGORY_ID` int(11) NOT NULL DEFAULT '0',
  `USER_ID` int(11) NOT NULL DEFAULT '0',
  `RUN_ON` timestamp NOT NULL DEFAULT CURRENT_TIMESTAMP,
  PRIMARY KEY (`STARTTIME`,`ENDTIME`,`CATEGORY_ID`,`USER_ID`),
  UNIQUE KEY `ID` (`ID`)
) ENGINE=InnoDB  DEFAULT CHARSET=latin1 AUTO_INCREMENT=2 ;

--
-- Truncate table before insert `summary_list`
--

TRUNCATE TABLE `summary_list`;
--
-- Dumping data for table `summary_list`
--

INSERT INTO `summary_list` (`ID`, `STARTTIME`, `ENDTIME`, `CATEGORY_ID`, `USER_ID`, `RUN_ON`) VALUES
(1, '2013-08-11 04:00:00', '2013-08-12 04:00:00', 0, 1, '2013-08-14 04:28:13');

-- --------------------------------------------------------

--
-- Table structure for table `users`
--

CREATE TABLE IF NOT EXISTS `users` (
  `id` int(11) NOT NULL AUTO_INCREMENT,
  `username` varchar(30) NOT NULL,
  `password` text NOT NULL,
  `key` text NOT NULL,
  `email` varchar(128) NOT NULL,
  `name` varchar(30) NOT NULL,
  `updated_on` timestamp NULL DEFAULT NULL,
  `created_on` timestamp NULL DEFAULT NULL,
  PRIMARY KEY (`id`)
) ENGINE=InnoDB  DEFAULT CHARSET=latin1 AUTO_INCREMENT=2 ;

--
-- Truncate table before insert `users`
--

TRUNCATE TABLE `users`;
--
-- Dumping data for table `users`
--

INSERT INTO `users` (`id`, `username`, `password`, `key`, `email`, `name`, `updated_on`, `created_on`) VALUES
(1, 'cesar', 'password', '', '', 'cesar', NULL, NULL);

-- --------------------------------------------------------

--
-- Table structure for table `word_counts`
--

CREATE TABLE IF NOT EXISTS `word_counts` (
  `word_count` int(11) NOT NULL,
  `month_min` smallint(6) NOT NULL,
  `day_min` smallint(6) NOT NULL,
  `week_min` smallint(6) NOT NULL,
  `year_min` smallint(6) NOT NULL,
  UNIQUE KEY `word_count` (`word_count`)
) ENGINE=InnoDB DEFAULT CHARSET=latin1;

--
-- Truncate table before insert `word_counts`
--

TRUNCATE TABLE `word_counts`;
--
-- Dumping data for table `word_counts`
--

INSERT INTO `word_counts` (`word_count`, `month_min`, `day_min`, `week_min`, `year_min`) VALUES
(0, 94, 3, 21, 1128),
(1000, 126, 4, 28, 1512),
(2000, 157, 5, 35, 1884),
(3000, 189, 6, 42, 2268);

/*!40101 SET CHARACTER_SET_CLIENT=@OLD_CHARACTER_SET_CLIENT */;
/*!40101 SET CHARACTER_SET_RESULTS=@OLD_CHARACTER_SET_RESULTS */;
/*!40101 SET COLLATION_CONNECTION=@OLD_COLLATION_CONNECTION */;
